,szczepienia,covid,klimat,energia_jadrowa,gmo,5g_promieniowanie,smog,in_vitro
2015-11-01,0.0,0.0,0.0,0.0,0.0,0.0,0.0,2.197802197802198
2015-12-01,0.0,0.0,0.0,0.0,0.5385029617662898,0.0,0.0,0.5385029617662898
2016-01-01,0.0,0.0,1.7050298380221653,0.0,0.0,0.0,0.0,0.0
2016-02-01,0.0,0.0,1.142857142857143,0.0,0.0,0.0,1.142857142857143,0.0
2016-03-01,0.0,0.0,0.7955449482895784,0.0,0.0,0.0,0.7955449482895784,0.0
2016-04-01,0.0,0.0,0.0,0.0,0.0,0.0,0.0,0.0
2016-05-01,0.0,0.0,0.0,0.0,0.0,0.0,0.0,6.024096385542169
2016-06-01,0.7633587786259541,0.0,0.0,0.0,0.0,0.7633587786259541,0.0,0.0
2016-07-01,0.0,0.0,0.0,1.8427518427518428,1.8427518427518428,0.0,0.0,0.0
2016-08-01,,,,,,,,
2016-09-01,0.9074410163339383,0.0,0.0,0.0,0.0,0.0,0.9074410163339383,14.519056261343012
2016-10-01,0.0,0.0,4.647560030983733,0.0,3.8729666924864445,0.0,0.0,0.0
2016-11-01,6.293266205160479,0.0,1.2586532410320956,0.0,8.81057268722467,0.0,0.0,0.0
2016-12-01,0.0,0.0,0.0,0.0,6.254343293954135,0.0,1.389854065323141,0.0
2017-01-01,0.0,0.0,2.3809523809523814,0.0,0.0,0.0,38.0952380952381,0.0
2017-02-01,0.0,0.0,0.0,0.0,0.0,0.0,3.745318352059925,0.0
2017-03-01,0.0,0.0,1.9782393669634024,0.0,0.0,0.0,3.956478733926805,0.0
2017-04-01,0.0,0.0,0.0,0.0,10.2880658436214,0.0,2.05761316872428,0.0
2017-05-01,0.0,0.0,1.3386880856760375,0.0,0.0,0.0,0.0,0.0
2017-06-01,1.6835016835016834,0.0,0.0,0.0,0.0,0.0,0.0,0.0
2017-07-01,0.6882312456985547,0.0,1.3764624913971093,0.0,0.0,0.0,0.6882312456985547,0.0
2017-08-01,,,,,,,,
2017-09-01,2.4732069249793898,0.0,0.0,0.0,1.6488046166529267,0.0,2.4732069249793898,3.2976092333058533
2017-10-01,0.8237232289950577,0.0,0.0,0.0,0.0,0.0,0.8237232289950577,0.0
2017-11-01,0.0,0.0,0.0,0.0,0.0,0.0,0.0,0.0
2017-12-01,0.0,0.0,0.0,0.0,0.0,0.0,6.202618883528601,0.0
2018-01-01,0.0,0.0,1.9102196752626552,0.0,7.640878701050621,0.0,0.9551098376313276,0.9551098376313276
2018-02-01,5.256241787122208,0.0,5.256241787122208,0.0,2.628120893561104,0.0,1.314060446780552,0.0
2018-03-01,0.0,0.0,0.0,1.4064697609001406,0.0,0.0,2.8129395218002813,0.0
2018-04-01,0.0,0.0,0.0,0.0,0.0,0.0,27.888446215139442,0.0
2018-05-01,0.0,0.0,0.0,0.0,0.0,0.0,4.178272980501393,0.0
2018-06-01,0.0,0.0,0.0,0.0,0.0,0.9233610341643582,1.8467220683287164,0.0
2018-07-01,0.6053268765133172,0.0,0.6053268765133172,0.0,0.6053268765133172,0.0,2.4213075060532687,0.0
2018-08-01,,,,,,,,
2018-09-01,0.0,0.0,0.0,0.0,0.0,0.0,2.6455026455026456,0.0
2018-10-01,29.013539651837522,0.0,0.0,0.0,0.0,0.0,4.835589941972921,0.0
2018-11-01,13.464991023339318,0.0,0.8976660682226212,0.0,8.07899461400359,0.0,8.976660682226212,0.0
2018-12-01,0.8936550491510277,0.0,6.255585344057194,1.7873100983020553,0.0,0.0,5.361930294906166,0.8936550491510277
2019-01-01,0.0,0.0,0.0,4.777070063694267,0.0,7.961783439490445,1.5923566878980893,0.0
2019-02-01,3.558718861209964,0.0,0.0,0.0,0.0,0.0,0.0,1.779359430604982
2019-03-01,0.0,0.0,1.779359430604982,1.779359430604982,0.0,0.0,0.0,0.0
2019-04-01,0.0,0.0,0.0,0.0,0.0,0.0,0.0,0.0
2019-05-01,0.0,0.0,0.0,0.0,0.0,0.0,0.0,0.0
2019-06-01,1.953125,0.0,0.0,3.90625,21.484375,0.0,15.625,0.0
2019-07-01,0.0,0.0,1.304631441617743,0.0,0.0,3.9138943248532287,5.870841487279844,0.0
2019-08-01,0.0,0.0,0.0,0.0,0.0,3.802281368821293,3.802281368821293,0.0
2019-09-01,0.0,0.0,0.0,0.0,0.0,0.0,4.184100418410042,0.0
2019-10-01,0.0,0.0,0.0,0.0,0.0,0.0,0.0,0.0
2019-11-01,0.0,0.0,4.184100418410042,0.0,0.0,0.0,6.2761506276150625,0.0
2019-12-01,5.4945054945054945,0.0,1.8315018315018314,0.0,0.0,0.0,0.0,0.0
2020-01-01,1.968503937007874,0.984251968503937,6.889763779527559,0.984251968503937,0.0,0.0,4.921259842519685,0.0
2020-02-01,0.0,1.757469244288225,0.0,0.0,0.0,0.0,3.51493848857645,0.0
2020-03-01,6.666666666666667,213.33333333333334,0.0,0.0,0.0,0.0,0.0,0.0
2020-04-01,0.0,78.30342577487764,0.0,0.0,0.0,0.0,0.0,0.0
2020-05-01,0.0,31.988873435326845,0.0,0.0,0.0,1.3908205841446453,0.0,0.0
2020-06-01,0.0,73.86363636363637,0.0,0.0,0.0,0.0,0.0,0.0
2020-07-01,0.0,57.444314185228606,3.5169988276670576,0.0,0.0,0.0,1.1723329425556857,0.0
2020-08-01,0.0,56.60377358490566,0.0,0.0,0.0,0.0,0.0,0.0
2020-09-01,28.248587570621467,96.045197740113,0.0,0.0,0.0,0.0,15.065913370998116,0.0
2020-10-01,8.797653958944283,111.43695014662757,0.0,0.0,0.0,1.466275659824047,1.466275659824047,0.0
2020-11-01,12.594458438287154,56.67506297229219,1.2594458438287153,0.0,2.5188916876574305,0.0,0.0,0.0
2020-12-01,18.51851851851852,80.68783068783068,1.3227513227513228,2.6455026455026456,0.0,0.0,0.0,0.0
2021-01-01,95.83333333333334,77.08333333333334,0.0,0.0,0.0,0.0,0.0,0.0
2021-02-01,17.857142857142858,29.76190476190476,0.0,0.0,0.0,0.0,0.0,0.0
2021-03-01,59.67450271247739,66.90777576853526,1.8083182640144664,0.0,0.0,0.0,1.8083182640144664,0.0
2021-04-01,52.54237288135593,76.27118644067797,10.169491525423728,0.0,0.0,0.0,0.0,0.0
2021-05-01,7.863695937090432,35.38663171690695,0.0,0.0,0.0,0.0,0.0,0.0
2021-06-01,7.782101167315175,50.583657587548636,3.8910505836575875,0.0,0.0,0.0,0.0,2.594033722438392
2021-07-01,27.580071174377224,40.035587188612105,4.448398576512456,0.0,0.0,0.0,0.0,0.0
2021-08-01,24.539877300613497,42.944785276073624,6.134969325153374,0.0,0.0,0.0,0.0,0.0
2021-09-01,20.37147992810066,25.164769322947873,0.5991611743559018,0.0,0.0,0.0,0.0,0.5991611743559018
2021-10-01,6.7618332081142,24.793388429752067,3.756574004507889,0.0,0.0,0.0,0.0,0.0
2021-11-01,2.2624434389140275,21.493212669683256,0.0,0.0,0.0,0.0,0.0,3.3936651583710407
2021-12-01,47.850770478507705,45.4176804541768,8.921330089213301,0.0,0.0,0.0,0.8110300081103001,0.0
2022-01-01,4.085801838610828,24.514811031664962,15.321756894790603,11.235955056179774,0.0,0.0,0.0,0.0
2022-02-01,11.124845488257108,32.138442521631646,4.944375772558714,0.0,0.0,0.0,1.2360939431396785,0.0
2022-03-01,6.475485661424607,11.100832562442182,0.9250693802035153,0.0,0.0,0.0,0.0,1.8501387604070305
2022-04-01,7.543103448275862,11.853448275862068,5.387931034482759,2.155172413793103,0.0,0.0,0.0,0.0
2022-05-01,2.631578947368421,13.157894736842104,0.0,0.8771929824561404,0.0,0.0,0.0,0.0
2022-06-01,1.0548523206751055,7.383966244725738,1.0548523206751055,0.0,0.0,0.0,7.383966244725738,0.0
2022-07-01,0.6531678641410843,13.063357282821686,0.6531678641410843,0.0,0.0,0.0,0.6531678641410843,0.0
2022-08-01,0.0,0.0,0.0,0.0,0.0,0.0,0.0,0.0
2022-09-01,0.0,4.839685420447672,6.654567453115548,0.0,0.0,0.0,1.209921355111918,0.0
2022-10-01,0.0,12.555391432791728,0.7385524372230429,2.2156573116691285,0.0,0.0,2.9542097488921715,0.0
2022-11-01,8.283132530120483,12.048192771084338,0.7530120481927711,19.57831325301205,3.0120481927710845,0.0,0.0,0.0
2022-12-01,2.1052631578947367,15.789473684210527,2.1052631578947367,0.0,0.0,0.0,1.0526315789473684,1.0526315789473684
2023-01-01,6.151142355008787,5.272407732864675,0.8787346221441125,0.8787346221441125,0.0,0.0,0.0,0.0
2023-02-01,0.0,5.136986301369863,0.0,0.0,0.0,0.0,0.0,0.0
2023-03-01,0.0,6.675567423230975,0.0,0.0,0.0,0.0,0.0,0.0
2023-04-01,0.0,3.6275695284159615,3.6275695284159615,2.4183796856106405,0.0,0.0,0.0,0.0
2023-05-01,0.0,6.289308176100629,2.6954177897574128,0.0,0.0,0.0,0.0,3.5938903863432166
2023-06-01,4.734848484848485,1.893939393939394,0.946969696969697,1.893939393939394,0.0,0.0,0.0,10.416666666666666
2023-07-01,1.669449081803005,12.799109627156371,1.1129660545353368,1.1129660545353368,0.0,0.0,0.0,0.0
2023-08-01,2.288329519450801,0.0,2.288329519450801,4.576659038901602,0.0,0.0,0.0,2.288329519450801
2023-09-01,,,,,,,,
2023-10-01,,,,,,,,
2023-11-01,0.0,15.948963317384369,1.594896331738437,0.0,0.0,0.0,0.0,129.1866028708134
2023-12-01,2.3547880690737832,12.558869701726845,3.9246467817896384,4.7095761381475665,0.0,0.0,0.0,2.3547880690737832
2024-01-01,1.3315579227696406,6.657789613848202,1.3315579227696406,5.326231691078562,0.0,0.0,1.3315579227696406,3.9946737683089215
2024-02-01,0.0,11.7096018735363,16.393442622950822,2.34192037470726,0.0,0.0,0.0,1.17096018735363
2024-03-01,0.0,1.1481056257175661,18.369690011481058,1.1481056257175661,0.0,0.0,0.0,0.0
2024-04-01,1.8779342723004695,5.633802816901409,21.5962441314554,1.8779342723004695,0.0,0.0,0.0,0.9389671361502347
2024-05-01,3.5906642728904847,8.976660682226212,7.1813285457809695,5.3859964093357275,0.0,0.0,0.0,0.0
2024-06-01,1.0256410256410255,3.076923076923077,0.0,2.051282051282051,0.0,1.0256410256410255,0.0,0.0
2024-07-01,1.6366612111292964,5.728314238952537,5.728314238952537,2.454991816693944,0.0,2.454991816693944,0.0,0.0
2024-08-01,,,,,,,,
2024-09-01,3.11284046692607,6.22568093385214,1.556420233463035,1.556420233463035,7.003891050583658,0.0,0.0,0.0
2024-10-01,4.310344827586206,7.902298850574714,0.7183908045977011,1.4367816091954022,0.0,0.0,0.0,0.0
2024-11-01,0.9191176470588235,5.974264705882352,7.8125,1.3786764705882353,0.0,0.0,2.7573529411764706,0.0
2024-12-01,9.649122807017545,4.385964912280701,5.263157894736842,3.5087719298245617,0.0,0.0,0.0,0.0
2025-01-01,2.407704654895666,6.420545746388443,12.038523274478331,3.2102728731942216,0.0,0.0,1.6051364365971108,0.0
2025-02-01,5.9760956175298805,0.9960159362549801,8.964143426294822,22.90836653386454,0.0,0.0,0.0,0.9960159362549801
2025-03-01,0.8984725965858041,3.5938903863432166,1.7969451931716083,0.0,0.0,0.0,0.0,0.8984725965858041
2025-04-01,0.881057268722467,0.0,10.572687224669604,7.929515418502203,0.0,0.0,0.0,0.0
2025-05-01,0.0,0.0,4.378283712784588,0.0,0.0,0.0,0.0,0.0
2025-06-01,0.0,1.1792452830188678,8.254716981132075,2.3584905660377355,0.0,0.0,0.5896226415094339,1.1792452830188678
2025-07-01,0.4576659038901602,6.864988558352402,3.203661327231121,2.288329519450801,0.0,0.0,0.0,0.0
2025-08-01,0.0,5.970149253731344,2.985074626865672,0.0,0.0,0.0,0.0,0.0
2025-09-01,1.5467904098994587,3.0935808197989174,0.7733952049497294,0.0,0.0,0.0,0.0,0.0
2025-10-01,0.0,0.7961783439490446,0.7961783439490446,1.5923566878980893,0.0,0.0,0.0,0.7961783439490446
2025-11-01,0.0,1.4563106796116505,4.854368932038835,0.0,0.0,0.0,0.0,0.0
2025-12-01,0.0,11.363636363636363,1.5151515151515151,0.0,0.0,0.0,0.7575757575757576,0.7575757575757576
2026-01-01,0.7423904974016332,0.7423904974016332,1.4847809948032664,0.0,0.0,0.0,0.0,0.0
2026-02-01,0.5336179295624334,0.5336179295624334,1.0672358591248667,0.5336179295624334,0.0,0.0,0.5336179295624334,0.5336179295624334
2026-03-01,0.0,0.0,1.7513134851138354,0.5837711617046117,0.0,0.0,0.0,0.0
2026-04-01,0.6313131313131314,1.893939393939394,4.419191919191919,0.6313131313131314,0.0,0.0,0.0,0.0
2026-05-01,1.6137708445400754,5.3792361484669176,4.303388918773534,1.0758472296933834,0.0,0.0,0.0,0.0
2026-06-01,0.6591957811470006,0.6591957811470006,1.3183915622940012,1.3183915622940012,0.0,0.0,0.0,0.0
2026-07-01,0.4242681374628765,1.2728044123886295,2.545608824777259,9.75816716164616,0.0,0.0,1.2728044123886295,0.0
2026-08-01,,,,,,,,
2026-09-01,0.8568980291345331,0.0,0.8568980291345331,0.42844901456726653,0.0,0.0,0.0,0.0
