data,kadencja,mowca,klub,tematy,zwroty,id,slowa
2018-10-02,8,Jacek Wilk,niez.,szczepienia,eksperymentu medycznego,8_69_2018-10-02_218,621
2018-10-03,8,Jacek Wilk,niez.,szczepienia,"eksperyment medyczny, eksperymentom medycznym",8_69_2018-10-03_184,480
2018-10-04,8,Justyna Anna Socha,Przedstawicielka Komitetu Inicjatywy Ustawodawczej,szczepienia,eksperymenty na ludziach,8_69_2018-10-04_39,1559
2021-04-15,9,Władysław Kosiniak-Kamysz,KP,"szczepienia, covid","eksperyment medyczny, eksperymentów medycznych",9_28_2021-04-15_90,1084
2021-06-23,9,Krzysztof Bosak,Konfederacja,"szczepienia, covid","segregacji sanitarnej, segregację sanitarną",9_33_2021-06-23_37,736
2021-07-23,9,Monika Rosa,KO,szczepienia,sanitaryzmu,9_35_2021-07-23_109,253
2021-09-15,9,Marek Hok,KO,szczepienia,eksperymentem medycznym,9_36_2021-09-15_86,173
2021-12-08,9,Radosław Lubczyk,KP,"szczepienia, covid",sanitaryzmu,9_43_2021-12-08_14,661
2021-12-08,9,Janusz Kowalski,PiS,szczepienia,segregacji sanitarnej,9_43_2021-12-08_40,178
2022-01-13,9,Robert Winnicki,Konfederacja,covid,segregacji sanitarnej,9_46_2022-01-13_182,132
2022-07-07,9,Grzegorz Braun,Konfederacja,covid,segregacji sanitarnej,9_58_2022-07-07_54,212
2022-07-07,9,Grzegorz Braun,Konfederacja,covid,segregacji sanitarnej,9_58_2022-07-07_287,342
2022-10-20,9,Grzegorz Braun,Konfederacja,covid,segregacji sanitarnej,9_63_2022-10-20_176,240
2022-11-04,9,Michał Urbaniak,Konfederacja,klimat,"ekoterrorystami, ekoterroryści",9_65_2022-11-04_134,367
2022-11-16,9,Grzegorz Braun,Konfederacja,covid,eksperyment medyczny,9_66_2022-11-16_215,280
2022-11-16,9,Grzegorz Braun,Konfederacja,covid,eksperyment medyczny,9_66_2022-11-16_244,106
2023-04-14,9,Robert Winnicki,Konfederacja,klimat,ekoterrorystów,9_74_2023-04-14_218,241
2023-06-15,9,Agnieszka Pomaska,KO,in_vitro,eksperyment medyczny,9_77_2023-06-15_312,1715
2023-12-20,10,Roman Fritz,Konfederacja,klimat,klimatyzmu,10_1_2023-12-20_12,455
2024-02-07,10,Grzegorz Braun,Konfederacja,klimat,klimatyzmu,10_5_2024-02-07_117,946
2024-02-22,10,Witold Tumanowicz,Konfederacja,klimat,klimatyzmu,10_6_2024-02-22_166,514
2024-03-08,10,Roman Fritz,Konfederacja,covid,klimatyzmu,10_7_2024-03-08_39,201
2024-04-10,10,Włodzimierz Skalik,Konfederacja,covid,tzw. pandemii,10_9_2024-04-10_149,276
2024-04-26,10,Witold Tumanowicz,Konfederacja,klimat,klimatyzmu,10_10_2024-04-26_105,194
2024-04-26,10,Grzegorz Lorek,PiS,klimat,ekoterroryzmu,10_10_2024-04-26_120,197
2024-04-26,10,Grzegorz Lorek,PiS,klimat,ekoterroryzmu,10_10_2024-04-26_160,319
2024-05-15,10,Witold Tumanowicz,Konfederacja,klimat,klimatyzm,10_11_2024-05-15_45,347
2024-05-23,10,Włodzimierz Skalik,Konfederacja,"szczepienia, covid",tzw. pandemii,10_12_2024-05-23_126,624
2024-07-11,10,Witold Tumanowicz,Konfederacja,klimat,klimatyzmu,10_15_2024-07-11_140,387
2024-09-26,10,Witold Tumanowicz,Konfederacja,klimat,klimatyzmu,10_18_2024-09-26_286,494
2025-01-08,10,Roman Fritz,Konfederacja,klimat,klimatyzm,10_26_2025-01-08_19,697
2025-01-08,10,Witold Tumanowicz,Konfederacja,klimat,klimatyzmu,10_26_2025-01-08_20,524
2025-01-22,10,Sławomir Mentzen,Konfederacja,klimat,klimatyzmu,10_27_2025-01-22_4,127
2025-02-05,10,Witold Tumanowicz,Konfederacja,klimat,klimatyzmu,10_28_2025-02-05_26,138
2025-04-23,10,Witold Tumanowicz,Konfederacja,klimat,klimatyzmu,10_33_2025-04-23_137,191
2025-05-21,10,Krzysztof Mulawa,Konfederacja,klimat,klimatyzmu,10_35_2025-05-21_118,427
2025-06-03,10,Witold Tumanowicz,Konfederacja,klimat,"klimatyzm, klimatyzmu",10_36_2025-06-03_72,110
2025-07-23,10,Witold Tumanowicz,Konfederacja,energia_jadrowa,ekoterroryści,10_39_2025-07-23_107,533
2025-11-07,10,Witold Tumanowicz,Konfederacja,klimat,klimatyzmu,10_44_2025-11-07_107,206
2025-12-19,10,Grzegorz Płaczek,Konfederacja,covid,"tzw. pandemia, tzw. pandemii",10_48_2025-12-19_120,1608
2026-04-30,10,Włodzimierz Skalik,Konfederacja_KP,klimat,ekoterrorysta,10_56_2026-04-30_16,369
