,wzmianki,tematyczne,podwazajace_konfederacja,podwazajace_pozostali
2015-10-01,5,0,0,0
2016-01-01,17,4,0,0
2016-04-01,9,0,0,0
2016-07-01,8,0,0,0
2016-10-01,20,8,0,0
2017-01-01,23,3,0,0
2017-04-01,15,1,0,0
2017-07-01,14,2,0,0
2017-10-01,14,0,0,0
2018-01-01,20,6,0,0
2018-04-01,12,0,0,0
2018-07-01,14,1,0,0
2018-10-01,38,8,0,0
2019-01-01,11,1,0,0
2019-04-01,14,0,0,0
2019-07-01,12,2,0,0
2019-10-01,14,3,0,0
2020-01-01,29,7,0,0
2020-04-01,26,0,0,0
2020-07-01,22,3,0,0
2020-10-01,20,2,0,0
2021-01-01,17,1,0,0
2021-04-01,41,9,0,0
2021-07-01,60,7,0,0
2021-10-01,96,16,0,1
2022-01-01,85,20,0,0
2022-04-01,46,6,0,0
2022-07-01,66,12,0,0
2022-10-01,46,4,1,0
2023-01-01,18,1,0,0
2023-04-01,41,7,1,0
2023-07-01,25,3,0,0
2023-10-01,35,6,5,0
2024-01-01,150,31,8,2
2024-04-01,157,31,5,3
2024-07-01,48,9,5,0
2024-10-01,122,24,4,0
2025-01-01,110,26,7,0
2025-04-01,130,31,6,3
2025-07-01,39,9,2,1
2025-10-01,87,13,3,2
2026-01-01,69,7,0,0
2026-04-01,100,17,2,0
2026-07-01,58,8,2,0
