wypowiedz_id,rok,waga
8_5_2015-12-15_35,2015,1.0
8_25_2016-09-13_76,2016,4.323076923076923
8_54_2017-12-13_130,2017,3.8615384615384616
8_69_2018-10-03_196,2018,4.661538461538462
9_1_2019-11-19_15,2019,2.953846153846154
9_9_2020-04-03_22,2020,14.561538461538461
9_38_2021-09-29_89,2021,16.415384615384614
9_59_2022-07-21_236,2022,12.715384615384615
9_76_2023-05-24_198,2023,7.907692307692308
10_4_2024-01-26_110,2024,10.984615384615385
10_48_2025-12-18_71,2025,10.046153846153846
10_58_2026-05-28_84,2026,6.184615384615385
8_4_2015-12-10_84,2015,1.0
8_27_2016-10-05_96,2016,4.323076923076923
8_48_2017-09-27_109,2017,3.8615384615384616
8_61_2018-04-13_76,2018,4.661538461538462
9_2_2019-12-19_1,2019,2.953846153846154
9_11_2020-04-29_90,2020,14.561538461538461
9_43_2021-12-01_252,2021,16.415384615384614
9_54_2022-05-11_27,2022,12.715384615384615
9_74_2023-04-14_124,2023,7.907692307692308
10_18_2024-09-25_87,2024,10.984615384615385
10_31_2025-03-19_216,2025,10.046153846153846
10_65_2026-09-17_371,2026,6.184615384615385
8_7_2015-12-29_182,2015,1.0
8_27_2016-10-05_134,2016,4.323076923076923
8_38_2017-03-22_124,2017,3.8615384615384616
8_55_2018-01-09_69,2018,4.661538461538462
8_83_2019-07-04_45,2019,2.953846153846154
9_20_2020-10-27_192,2020,14.561538461538461
9_35_2021-07-22_180,2021,16.415384615384614
9_53_2022-04-28_177,2022,12.715384615384615
9_70_2023-01-12_271,2023,7.907692307692308
10_19_2024-10-10_244,2024,10.984615384615385
10_44_2025-11-07_21,2025,10.046153846153846
10_51_2026-02-11_211,2026,6.184615384615385
8_4_2015-12-09_19,2015,1.0
8_17_2016-04-28_220,2016,4.323076923076923
8_43_2017-06-07_8,2017,3.8615384615384616
8_73_2018-12-05_38,2018,4.661538461538462
8_77_2019-02-21_354,2019,2.953846153846154
9_22_2020-12-10_55,2020,14.561538461538461
9_30_2021-05-19_78,2021,16.415384615384614
9_66_2022-11-15_102,2022,12.715384615384615
10_1_2023-12-06_77,2023,7.907692307692308
10_14_2024-06-26_182,2024,10.984615384615385
10_39_2025-07-24_254,2025,10.046153846153846
10_50_2026-01-22_210,2026,6.184615384615385
8_7_2015-12-30_100,2015,1.0
8_26_2016-09-22_249,2016,4.323076923076923
8_35_2017-02-09_11,2017,3.8615384615384616
8_57_2018-01-26_86,2018,4.661538461538462
9_1_2019-11-19_96,2019,2.953846153846154
9_17_2020-09-16_5,2020,14.561538461538461
9_43_2021-12-01_87,2021,16.415384615384614
9_49_2022-02-23_219,2022,12.715384615384615
9_79_2023-07-13_133,2023,7.907692307692308
10_22_2024-11-22_9,2024,10.984615384615385
10_44_2025-11-07_43,2025,10.046153846153846
10_56_2026-04-30_23,2026,6.184615384615385
8_6_2015-12-21_61,2015,1.0
8_18_2016-05-11_78,2016,4.323076923076923
8_36_2017-02-22_45,2017,3.8615384615384616
8_73_2018-12-06_75,2018,4.661538461538462
9_2_2019-12-19_107,2019,2.953846153846154
9_23_2020-12-16_126,2020,14.561538461538461
9_35_2021-07-22_238,2021,16.415384615384614
9_50_2022-03-09_123,2022,12.715384615384615
9_77_2023-06-15_207,2023,7.907692307692308
10_6_2024-02-22_64,2024,10.984615384615385
10_32_2025-04-04_94,2025,10.046153846153846
10_62_2026-07-16_301,2026,6.184615384615385
8_1_2015-11-18_122,2015,1.0
8_28_2016-10-21_112,2016,4.323076923076923
8_41_2017-05-11_126,2017,3.8615384615384616
8_60_2018-03-20_64,2018,4.661538461538462
8_84_2019-07-18_37,2019,2.953846153846154
9_21_2020-11-27_12,2020,14.561538461538461
9_25_2021-01-21_271,2021,16.415384615384614
9_52_2022-04-07_162,2022,12.715384615384615
9_70_2023-01-12_193,2023,7.907692307692308
10_19_2024-10-10_18,2024,10.984615384615385
10_32_2025-04-02_151,2025,10.046153846153846
10_64_2026-09-03_148,2026,6.184615384615385
8_5_2015-12-17_147,2015,1.0
8_29_2016-11-03_189,2016,4.323076923076923
8_45_2017-07-05_105,2017,3.8615384615384616
8_69_2018-10-03_211,2018,4.661538461538462
8_78_2019-03-14_87,2019,2.953846153846154
9_11_2020-05-06_73,2020,14.561538461538461
9_37_2021-09-16_103,2021,16.415384615384614
9_46_2022-01-12_153,2022,12.715384615384615
9_76_2023-05-26_74,2023,7.907692307692308
10_21_2024-11-08_63,2024,10.984615384615385
10_43_2025-10-15_231,2025,10.046153846153846
10_51_2026-02-11_275,2026,6.184615384615385
8_7_2015-12-29_95,2015,1.0
8_32_2016-12-14_111,2016,4.323076923076923
8_34_2017-01-26_75,2017,3.8615384615384616
8_56_2018-01-11_109,2018,4.661538461538462
8_78_2019-03-15_34,2019,2.953846153846154
9_11_2020-04-30_111,2020,14.561538461538461
9_33_2021-06-24_78,2021,16.415384615384614
9_53_2022-04-27_78,2022,12.715384615384615
9_81_2023-08-17_5,2023,7.907692307692308
10_12_2024-05-22_122,2024,10.984615384615385
10_42_2025-10-09_127,2025,10.046153846153846
10_63_2026-07-30_19,2026,6.184615384615385
8_7_2015-12-29_171,2015,1.0
8_16_2016-04-12_25,2016,4.323076923076923
8_48_2017-09-27_111,2017,3.8615384615384616
8_71_2018-11-09_125,2018,4.661538461538462
8_80_2019-04-25_335,2019,2.953846153846154
9_13_2020-06-19_87,2020,14.561538461538461
9_30_2021-05-21_150,2021,16.415384615384614
9_66_2022-11-16_160,2022,12.715384615384615
9_79_2023-07-11_245,2023,7.907692307692308
10_4_2024-01-25_127,2024,10.984615384615385
10_45_2025-11-19_60,2025,10.046153846153846
10_61_2026-07-02_104,2026,6.184615384615385
8_5_2015-12-15_125,2015,1.0
8_32_2016-12-15_5,2016,4.323076923076923
8_34_2017-01-26_53,2017,3.8615384615384616
8_73_2018-12-06_56,2018,4.661538461538462
8_82_2019-06-13_127,2019,2.953846153846154
9_21_2020-11-19_203,2020,14.561538461538461
9_42_2021-11-17_52,2021,16.415384615384614
9_52_2022-04-07_5,2022,12.715384615384615
10_1_2023-11-28_74,2023,7.907692307692308
10_23_2024-12-04_143,2024,10.984615384615385
10_40_2025-09-12_135,2025,10.046153846153846
10_53_2026-03-11_338,2026,6.184615384615385
8_4_2015-12-09_24,2015,1.0
8_17_2016-04-28_275,2016,4.323076923076923
8_41_2017-05-11_80,2017,3.8615384615384616
8_74_2018-12-12_267,2018,4.661538461538462
8_80_2019-04-26_8,2019,2.953846153846154
9_21_2020-11-27_180,2020,14.561538461538461
9_28_2021-04-14_216,2021,16.415384615384614
9_57_2022-06-23_135,2022,12.715384615384615
10_1_2023-11-22_91,2023,7.907692307692308
10_25_2024-12-19_46,2024,10.984615384615385
10_35_2025-05-21_227,2025,10.046153846153846
10_52_2026-02-26_12,2026,6.184615384615385
8_5_2015-12-17_155,2015,1.0
8_17_2016-04-28_21,2016,4.323076923076923
8_54_2017-12-13_124,2017,3.8615384615384616
8_71_2018-11-09_62,2018,4.661538461538462
9_2_2019-12-19_17,2019,2.953846153846154
9_22_2020-12-10_22,2020,14.561538461538461
9_38_2021-09-29_6,2021,16.415384615384614
9_63_2022-10-20_151,2022,12.715384615384615
9_77_2023-06-15_324,2023,7.907692307692308
10_11_2024-05-15_233,2024,10.984615384615385
10_27_2025-01-22_204,2025,10.046153846153846
10_49_2026-01-09_128,2026,6.184615384615385
8_7_2015-12-29_180,2015,1.0
8_26_2016-09-22_181,2016,4.323076923076923
8_49_2017-10-10_33,2017,3.8615384615384616
8_73_2018-12-06_84,2018,4.661538461538462
9_2_2019-12-19_170,2019,2.953846153846154
9_15_2020-07-23_237,2020,14.561538461538461
9_25_2021-01-21_76,2021,16.415384615384614
9_59_2022-07-20_391,2022,12.715384615384615
9_73_2023-03-08_226,2023,7.907692307692308
10_2_2024-01-16_48,2024,10.984615384615385
10_30_2025-03-07_114,2025,10.046153846153846
10_56_2026-04-28_185,2026,6.184615384615385
8_1_2015-11-18_56,2015,1.0
8_11_2016-02-11_132,2016,4.323076923076923
8_47_2017-09-14_105,2017,3.8615384615384616
8_66_2018-07-05_76,2018,4.661538461538462
8_86_2019-09-11_209,2019,2.953846153846154
9_12_2020-05-27_19,2020,14.561538461538461
9_28_2021-04-15_60,2021,16.415384615384614
9_57_2022-06-22_271,2022,12.715384615384615
10_1_2023-12-07_135,2023,7.907692307692308
10_14_2024-06-26_199,2024,10.984615384615385
10_37_2025-06-25_97,2025,10.046153846153846
10_57_2026-05-13_251,2026,6.184615384615385
8_5_2015-12-15_121,2015,1.0
8_15_2016-03-30_135,2016,4.323076923076923
8_34_2017-01-26_64,2017,3.8615384615384616
8_71_2018-11-08_178,2018,4.661538461538462
8_81_2019-05-15_21,2019,2.953846153846154
9_6_2020-02-14_42,2020,14.561538461538461
9_43_2021-12-09_6,2021,16.415384615384614
9_58_2022-07-06_173,2022,12.715384615384615
10_1_2023-12-21_18,2023,7.907692307692308
10_18_2024-09-25_114,2024,10.984615384615385
10_44_2025-11-06_213,2025,10.046153846153846
10_50_2026-01-22_8,2026,6.184615384615385
8_5_2015-12-15_124,2015,1.0
8_31_2016-11-29_82,2016,4.323076923076923
8_39_2017-04-06_83,2017,3.8615384615384616
8_61_2018-04-12_59,2018,4.661538461538462
9_2_2019-12-20_76,2019,2.953846153846154
9_15_2020-07-22_153,2020,14.561538461538461
9_33_2021-06-23_36,2021,16.415384615384614
9_48_2022-02-09_193,2022,12.715384615384615
10_1_2023-11-22_32,2023,7.907692307692308
10_2_2024-01-17_77,2024,10.984615384615385
10_33_2025-04-23_13,2025,10.046153846153846
10_65_2026-09-16_332,2026,6.184615384615385
8_5_2015-12-17_14,2015,1.0
8_15_2016-03-30_99,2016,4.323076923076923
8_54_2017-12-13_199,2017,3.8615384615384616
8_71_2018-11-09_179,2018,4.661538461538462
8_83_2019-07-03_126,2019,2.953846153846154
9_15_2020-07-22_148,2020,14.561538461538461
9_43_2021-12-01_38,2021,16.415384615384614
9_66_2022-11-16_229,2022,12.715384615384615
9_79_2023-07-11_327,2023,7.907692307692308
10_17_2024-09-12_198,2024,10.984615384615385
10_45_2025-11-20_119,2025,10.046153846153846
10_53_2026-03-12_22,2026,6.184615384615385
8_1_2015-11-18_89,2015,1.0
8_19_2016-05-18_37,2016,4.323076923076923
8_38_2017-03-22_59,2017,3.8615384615384616
8_71_2018-11-09_87,2018,4.661538461538462
8_77_2019-02-21_33,2019,2.953846153846154
9_23_2020-12-16_146,2020,14.561538461538461
9_25_2021-01-21_54,2021,16.415384615384614
9_56_2022-06-08_126,2022,12.715384615384615
9_75_2023-05-09_23,2023,7.907692307692308
10_10_2024-04-26_88,2024,10.984615384615385
10_30_2025-03-07_182,2025,10.046153846153846
10_61_2026-07-01_17,2026,6.184615384615385
8_1_2015-11-18_76,2015,1.0
8_22_2016-07-05_131,2016,4.323076923076923
8_34_2017-01-25_1,2017,3.8615384615384616
8_72_2018-11-21_193,2018,4.661538461538462
8_82_2019-06-13_115,2019,2.953846153846154
9_11_2020-05-06_110,2020,14.561538461538461
9_33_2021-06-24_253,2021,16.415384615384614
9_57_2022-06-22_28,2022,12.715384615384615
10_1_2023-12-07_39,2023,7.907692307692308
10_21_2024-11-07_172,2024,10.984615384615385
10_38_2025-07-09_64,2025,10.046153846153846
10_56_2026-04-30_12,2026,6.184615384615385
8_6_2015-12-22_128,2015,1.0
8_31_2016-11-29_159,2016,4.323076923076923
8_54_2017-12-14_122,2017,3.8615384615384616
8_69_2018-10-04_39,2018,4.661538461538462
9_1_2019-11-19_5,2019,2.953846153846154
9_9_2020-04-03_13,2020,14.561538461538461
9_34_2021-07-08_194,2021,16.415384615384614
9_65_2022-11-04_201,2022,12.715384615384615
10_1_2023-12-07_111,2023,7.907692307692308
10_6_2024-02-21_86,2024,10.984615384615385
10_48_2025-12-19_72,2025,10.046153846153846
10_53_2026-03-13_153,2026,6.184615384615385
8_3_2015-12-02_68,2015,1.0
8_32_2016-12-13_76,2016,4.323076923076923
8_37_2017-03-09_101,2017,3.8615384615384616
8_74_2018-12-12_33,2018,4.661538461538462
8_85_2019-08-30_204,2019,2.953846153846154
9_22_2020-12-09_78,2020,14.561538461538461
9_27_2021-03-16_268,2021,16.415384615384614
9_47_2022-01-26_63,2022,12.715384615384615
10_1_2023-11-28_57,2023,7.907692307692308
10_12_2024-05-22_71,2024,10.984615384615385
10_33_2025-04-24_182,2025,10.046153846153846
10_58_2026-05-27_262,2026,6.184615384615385
8_1_2015-11-18_104,2015,1.0
8_31_2016-12-02_75,2016,4.323076923076923
8_44_2017-06-20_108,2017,3.8615384615384616
8_67_2018-07-19_269,2018,4.661538461538462
8_81_2019-05-15_204,2019,2.953846153846154
9_17_2020-09-16_86,2020,14.561538461538461
9_35_2021-07-23_102,2021,16.415384615384614
9_53_2022-04-28_12,2022,12.715384615384615
9_79_2023-07-13_31,2023,7.907692307692308
10_10_2024-04-24_19,2024,10.984615384615385
10_41_2025-09-24_56,2025,10.046153846153846
10_49_2026-01-08_104,2026,6.184615384615385
8_5_2015-12-15_128,2015,1.0
8_31_2016-12-01_88,2016,4.323076923076923
8_34_2017-01-26_122,2017,3.8615384615384616
8_61_2018-04-13_65,2018,4.661538461538462
8_85_2019-07-31_98,2019,2.953846153846154
9_15_2020-07-22_54,2020,14.561538461538461
9_37_2021-09-15_74,2021,16.415384615384614
9_63_2022-10-06_48,2022,12.715384615384615
9_70_2023-01-11_120,2023,7.907692307692308
10_6_2024-02-21_91,2024,10.984615384615385
10_39_2025-07-23_250,2025,10.046153846153846
10_60_2026-06-18_85,2026,6.184615384615385
8_1_2015-11-18_1,2015,1.0
8_33_2016-12-16_91,2016,4.323076923076923
8_34_2017-01-26_48,2017,3.8615384615384616
8_61_2018-04-11_183,2018,4.661538461538462
9_1_2019-11-21_103,2019,2.953846153846154
9_23_2020-12-16_91,2020,14.561538461538461
9_38_2021-09-29_300,2021,16.415384615384614
9_67_2022-12-01_180,2022,12.715384615384615
10_1_2023-11-22_31,2023,7.907692307692308
10_7_2024-03-07_241,2024,10.984615384615385
10_42_2025-10-08_240,2025,10.046153846153846
10_61_2026-07-01_56,2026,6.184615384615385
8_5_2015-12-17_141,2015,1.0
8_27_2016-10-05_103,2016,4.323076923076923
8_48_2017-09-27_117,2017,3.8615384615384616
8_71_2018-11-07_152,2018,4.661538461538462
8_84_2019-07-18_342,2019,2.953846153846154
9_15_2020-07-23_86,2020,14.561538461538461
9_30_2021-05-20_14,2021,16.415384615384614
9_52_2022-04-07_87,2022,12.715384615384615
10_1_2023-11-22_41,2023,7.907692307692308
10_7_2024-03-07_125,2024,10.984615384615385
10_28_2025-02-06_170,2025,10.046153846153846
10_50_2026-01-21_221,2026,6.184615384615385
8_4_2015-12-10_96,2015,1.0
8_20_2016-06-08_264,2016,4.323076923076923
8_45_2017-07-12_5,2017,3.8615384615384616
8_74_2018-12-12_275,2018,4.661538461538462
8_77_2019-01-31_12,2019,2.953846153846154
9_21_2020-11-18_14,2020,14.561538461538461
9_40_2021-10-28_200,2021,16.415384615384614
9_54_2022-05-12_27,2022,12.715384615384615
9_72_2023-02-09_139,2023,7.907692307692308
10_20_2024-10-17_161,2024,10.984615384615385
10_26_2025-01-09_223,2025,10.046153846153846
10_55_2026-04-16_172,2026,6.184615384615385
8_1_2015-11-18_52,2015,1.0
8_29_2016-11-03_256,2016,4.323076923076923
8_34_2017-01-26_76,2017,3.8615384615384616
8_74_2018-12-12_40,2018,4.661538461538462
8_82_2019-06-12_57,2019,2.953846153846154
9_23_2020-12-15_30,2020,14.561538461538461
9_38_2021-09-29_255,2021,16.415384615384614
9_49_2022-03-03_75,2022,12.715384615384615
10_1_2023-11-22_60,2023,7.907692307692308
10_8_2024-03-21_82,2024,10.984615384615385
10_46_2025-12-04_208,2025,10.046153846153846
10_57_2026-05-14_242,2026,6.184615384615385
8_3_2015-12-02_46,2015,1.0
8_14_2016-03-17_42,2016,4.323076923076923
8_49_2017-10-12_156,2017,3.8615384615384616
8_70_2018-10-23_149,2018,4.661538461538462
8_82_2019-06-13_112,2019,2.953846153846154
9_23_2020-12-16_237,2020,14.561538461538461
9_28_2021-04-14_43,2021,16.415384615384614
9_53_2022-04-27_113,2022,12.715384615384615
10_1_2023-11-13_29,2023,7.907692307692308
10_22_2024-11-22_32,2024,10.984615384615385
10_40_2025-09-11_105,2025,10.046153846153846
10_53_2026-03-12_94,2026,6.184615384615385
8_5_2015-12-15_120,2015,1.0
8_29_2016-11-03_260,2016,4.323076923076923
8_38_2017-03-23_76,2017,3.8615384615384616
8_71_2018-11-07_103,2018,4.661538461538462
9_1_2019-11-19_275,2019,2.953846153846154
9_9_2020-04-07_6,2020,14.561538461538461
9_43_2021-11-30_78,2021,16.415384615384614
9_59_2022-07-21_275,2022,12.715384615384615
9_80_2023-07-28_195,2023,7.907692307692308
10_18_2024-09-25_107,2024,10.984615384615385
10_28_2025-02-06_33,2025,10.046153846153846
10_55_2026-04-14_57,2026,6.184615384615385
8_1_2015-11-18_14,2015,1.0
8_26_2016-09-22_276,2016,4.323076923076923
8_54_2017-12-13_169,2017,3.8615384615384616
8_69_2018-10-03_201,2018,4.661538461538462
8_81_2019-05-16_236,2019,2.953846153846154
9_10_2020-04-16_24,2020,14.561538461538461
9_39_2021-10-14_12,2021,16.415384615384614
9_47_2022-01-27_141,2022,12.715384615384615
10_1_2023-11-29_234,2023,7.907692307692308
10_10_2024-04-26_125,2024,10.984615384615385
10_45_2025-11-19_61,2025,10.046153846153846
10_58_2026-05-27_235,2026,6.184615384615385
8_2_2015-11-25_74,2015,1.0
8_27_2016-10-05_258,2016,4.323076923076923
8_54_2017-12-13_129,2017,3.8615384615384616
8_71_2018-11-07_143,2018,4.661538461538462
9_2_2019-12-19_90,2019,2.953846153846154
9_23_2020-12-15_100,2020,14.561538461538461
9_27_2021-03-16_242,2021,16.415384615384614
9_46_2022-01-13_11,2022,12.715384615384615
9_71_2023-01-26_167,2023,7.907692307692308
10_23_2024-12-05_19,2024,10.984615384615385
10_41_2025-09-24_97,2025,10.046153846153846
10_53_2026-03-13_54,2026,6.184615384615385
8_1_2015-11-18_3,2015,1.0
8_20_2016-06-08_272,2016,4.323076923076923
8_34_2017-01-26_84,2017,3.8615384615384616
8_68_2018-09-12_119,2018,4.661538461538462
8_80_2019-04-25_5,2019,2.953846153846154
9_21_2020-11-19_234,2020,14.561538461538461
9_35_2021-07-23_43,2021,16.415384615384614
9_66_2022-11-15_33,2022,12.715384615384615
9_74_2023-04-13_22,2023,7.907692307692308
10_22_2024-11-22_3,2024,10.984615384615385
10_45_2025-11-19_159,2025,10.046153846153846
10_62_2026-07-16_304,2026,6.184615384615385
8_7_2015-12-29_224,2015,1.0
8_14_2016-03-17_22,2016,4.323076923076923
8_54_2017-12-13_126,2017,3.8615384615384616
8_74_2018-12-12_62,2018,4.661538461538462
8_80_2019-04-12_67,2019,2.953846153846154
9_21_2020-11-19_225,2020,14.561538461538461
9_36_2021-09-06_30,2021,16.415384615384614
9_66_2022-11-15_117,2022,12.715384615384615
9_75_2023-05-09_231,2023,7.907692307692308
10_11_2024-05-09_47,2024,10.984615384615385
10_41_2025-09-25_308,2025,10.046153846153846
10_50_2026-01-22_158,2026,6.184615384615385
8_5_2015-12-16_124,2015,1.0
8_8_2016-01-14_98,2016,4.323076923076923
8_50_2017-10-26_244,2017,3.8615384615384616
8_58_2018-02-08_51,2018,4.661538461538462
8_77_2019-02-21_125,2019,2.953846153846154
9_9_2020-03-31_7,2020,14.561538461538461
9_30_2021-05-21_165,2021,16.415384615384614
9_47_2022-01-27_85,2022,12.715384615384615
10_1_2023-12-12_9,2023,7.907692307692308
10_22_2024-11-27_40,2024,10.984615384615385
10_46_2025-12-03_18,2025,10.046153846153846
10_55_2026-04-16_81,2026,6.184615384615385
8_7_2015-12-30_90,2015,1.0
8_26_2016-09-23_64,2016,4.323076923076923
8_48_2017-09-29_72,2017,3.8615384615384616
8_55_2018-01-10_118,2018,4.661538461538462
8_82_2019-06-13_120,2019,2.953846153846154
9_22_2020-12-10_128,2020,14.561538461538461
9_38_2021-09-29_57,2021,16.415384615384614
9_47_2022-01-27_160,2022,12.715384615384615
9_76_2023-05-24_179,2023,7.907692307692308
10_13_2024-06-14_41,2024,10.984615384615385
10_36_2025-06-03_115,2025,10.046153846153846
10_59_2026-06-10_161,2026,6.184615384615385
8_3_2015-12-02_178,2015,1.0
8_33_2016-12-16_88,2016,4.323076923076923
8_43_2017-06-07_76,2017,3.8615384615384616
8_57_2018-01-26_176,2018,4.661538461538462
8_77_2019-01-31_58,2019,2.953846153846154
9_10_2020-04-15_52,2020,14.561538461538461
9_28_2021-04-14_211,2021,16.415384615384614
9_53_2022-04-27_135,2022,12.715384615384615
10_1_2023-11-22_81,2023,7.907692307692308
10_20_2024-10-17_14,2024,10.984615384615385
10_38_2025-07-09_44,2025,10.046153846153846
10_62_2026-07-15_70,2026,6.184615384615385
8_5_2015-12-16_117,2015,1.0
8_19_2016-05-19_75,2016,4.323076923076923
8_45_2017-07-12_223,2017,3.8615384615384616
8_69_2018-10-03_213,2018,4.661538461538462
8_83_2019-07-04_212,2019,2.953846153846154
9_17_2020-09-17_141,2020,14.561538461538461
9_36_2021-09-15_78,2021,16.415384615384614
9_54_2022-05-11_203,2022,12.715384615384615
10_1_2023-12-12_30,2023,7.907692307692308
10_7_2024-03-07_232,2024,10.984615384615385
10_36_2025-06-11_170,2025,10.046153846153846
10_57_2026-05-13_264,2026,6.184615384615385
8_6_2015-12-22_255,2015,1.0
8_29_2016-11-03_199,2016,4.323076923076923
8_54_2017-12-15_18,2017,3.8615384615384616
8_74_2018-12-12_78,2018,4.661538461538462
8_82_2019-06-12_109,2019,2.953846153846154
9_10_2020-04-15_89,2020,14.561538461538461
9_26_2021-02-24_156,2021,16.415384615384614
9_51_2022-03-23_261,2022,12.715384615384615
10_1_2023-11-22_59,2023,7.907692307692308
10_23_2024-12-05_16,2024,10.984615384615385
10_42_2025-10-08_214,2025,10.046153846153846
10_52_2026-02-25_297,2026,6.184615384615385
8_1_2015-11-12_33,2015,1.0
8_27_2016-10-04_211,2016,4.323076923076923
8_34_2017-01-26_72,2017,3.8615384615384616
8_69_2018-10-03_204,2018,4.661538461538462
9_2_2019-12-20_23,2019,2.953846153846154
9_21_2020-11-18_20,2020,14.561538461538461
9_33_2021-06-24_218,2021,16.415384615384614
9_66_2022-11-16_215,2022,12.715384615384615
9_72_2023-02-07_48,2023,7.907692307692308
10_6_2024-02-21_92,2024,10.984615384615385
10_32_2025-04-02_248,2025,10.046153846153846
10_54_2026-03-26_82,2026,6.184615384615385
8_5_2015-12-16_209,2015,1.0
8_23_2016-07-21_192,2016,4.323076923076923
8_52_2017-11-22_17,2017,3.8615384615384616
8_71_2018-11-09_14,2018,4.661538461538462
8_79_2019-04-03_117,2019,2.953846153846154
9_23_2020-12-16_3,2020,14.561538461538461
9_31_2021-06-15_38,2021,16.415384615384614
9_47_2022-01-27_81,2022,12.715384615384615
9_73_2023-03-08_76,2023,7.907692307692308
10_13_2024-06-14_39,2024,10.984615384615385
10_37_2025-06-26_51,2025,10.046153846153846
10_58_2026-05-29_40,2026,6.184615384615385
8_5_2015-12-15_122,2015,1.0
8_11_2016-02-11_124,2016,4.323076923076923
8_54_2017-12-12_14,2017,3.8615384615384616
8_71_2018-11-07_133,2018,4.661538461538462
8_81_2019-05-16_251,2019,2.953846153846154
9_7_2020-03-02_13,2020,14.561538461538461
9_33_2021-06-24_262,2021,16.415384615384614
9_65_2022-11-04_134,2022,12.715384615384615
10_1_2023-11-29_103,2023,7.907692307692308
10_12_2024-05-22_177,2024,10.984615384615385
10_34_2025-05-08_25,2025,10.046153846153846
10_57_2026-05-13_248,2026,6.184615384615385
8_5_2015-12-16_32,2015,1.0
8_21_2016-06-22_90,2016,4.323076923076923
8_54_2017-12-14_34,2017,3.8615384615384616
8_71_2018-11-08_188,2018,4.661538461538462
8_76_2019-01-16_49,2019,2.953846153846154
9_21_2020-11-27_9,2020,14.561538461538461
9_35_2021-07-23_42,2021,16.415384615384614
9_53_2022-04-28_125,2022,12.715384615384615
9_78_2023-07-06_261,2023,7.907692307692308
10_7_2024-03-07_17,2024,10.984615384615385
10_40_2025-09-11_186,2025,10.046153846153846
10_58_2026-05-27_7,2026,6.184615384615385
8_31_2016-11-29_121,2016,4.323076923076923
8_54_2017-12-13_127,2017,3.8615384615384616
8_58_2018-02-07_141,2018,4.661538461538462
8_77_2019-02-21_206,2019,2.953846153846154
9_20_2020-10-28_116,2020,14.561538461538461
9_30_2021-05-19_167,2021,16.415384615384614
9_62_2022-09-29_250,2022,12.715384615384615
9_73_2023-03-07_133,2023,7.907692307692308
10_22_2024-11-21_102,2024,10.984615384615385
10_41_2025-09-25_112,2025,10.046153846153846
10_60_2026-06-18_128,2026,6.184615384615385
8_16_2016-04-14_40,2016,4.323076923076923
8_50_2017-10-25_192,2017,3.8615384615384616
8_70_2018-10-24_48,2018,4.661538461538462
8_84_2019-07-17_248,2019,2.953846153846154
9_21_2020-11-27_200,2020,14.561538461538461
9_25_2021-01-21_117,2021,16.415384615384614
9_57_2022-06-23_26,2022,12.715384615384615
9_81_2023-08-16_62,2023,7.907692307692308
10_15_2024-07-12_70,2024,10.984615384615385
10_45_2025-11-18_263,2025,10.046153846153846
10_63_2026-07-29_51,2026,6.184615384615385
8_33_2016-12-16_89,2016,4.323076923076923
8_50_2017-10-25_209,2017,3.8615384615384616
8_71_2018-11-08_183,2018,4.661538461538462
8_77_2019-02-21_61,2019,2.953846153846154
9_3_2020-01-09_66,2020,14.561538461538461
9_43_2021-12-09_93,2021,16.415384615384614
9_63_2022-10-20_37,2022,12.715384615384615
9_78_2023-07-07_275,2023,7.907692307692308
10_11_2024-05-09_174,2024,10.984615384615385
10_43_2025-10-15_44,2025,10.046153846153846
10_60_2026-06-17_265,2026,6.184615384615385
8_19_2016-05-18_62,2016,4.323076923076923
8_54_2017-12-12_35,2017,3.8615384615384616
8_70_2018-10-23_121,2018,4.661538461538462
9_2_2019-12-19_173,2019,2.953846153846154
9_10_2020-04-15_128,2020,14.561538461538461
9_40_2021-10-28_87,2021,16.415384615384614
9_49_2022-02-23_164,2022,12.715384615384615
9_78_2023-07-07_90,2023,7.907692307692308
10_17_2024-09-12_133,2024,10.984615384615385
10_27_2025-01-24_64,2025,10.046153846153846
10_63_2026-07-30_38,2026,6.184615384615385
8_27_2016-10-04_29,2016,4.323076923076923
8_34_2017-01-26_123,2017,3.8615384615384616
8_60_2018-03-21_2,2018,4.661538461538462
8_78_2019-03-14_88,2019,2.953846153846154
9_17_2020-09-16_12,2020,14.561538461538461
9_43_2021-12-08_35,2021,16.415384615384614
9_65_2022-11-03_43,2022,12.715384615384615
9_74_2023-04-14_90,2023,7.907692307692308
10_6_2024-02-21_37,2024,10.984615384615385
10_33_2025-04-24_41,2025,10.046153846153846
10_58_2026-05-28_30,2026,6.184615384615385
8_19_2016-05-18_23,2016,4.323076923076923
8_51_2017-11-08_132,2017,3.8615384615384616
8_61_2018-04-11_186,2018,4.661538461538462
8_82_2019-06-12_158,2019,2.953846153846154
9_13_2020-06-19_114,2020,14.561538461538461
9_28_2021-04-14_54,2021,16.415384615384614
9_56_2022-06-09_171,2022,12.715384615384615
10_1_2023-11-29_34,2023,7.907692307692308
10_11_2024-05-09_168,2024,10.984615384615385
10_38_2025-07-10_120,2025,10.046153846153846
10_55_2026-04-14_151,2026,6.184615384615385
8_15_2016-03-30_88,2016,4.323076923076923
8_48_2017-09-29_15,2017,3.8615384615384616
8_57_2018-01-25_28,2018,4.661538461538462
9_1_2019-11-19_9,2019,2.953846153846154
9_22_2020-12-09_81,2020,14.561538461538461
9_43_2021-12-02_103,2021,16.415384615384614
9_64_2022-10-26_19,2022,12.715384615384615
9_71_2023-01-26_92,2023,7.907692307692308
10_9_2024-04-11_39,2024,10.984615384615385
10_41_2025-09-24_124,2025,10.046153846153846
10_56_2026-04-28_59,2026,6.184615384615385
8_32_2016-12-15_3,2016,4.323076923076923
8_43_2017-06-08_223,2017,3.8615384615384616
8_71_2018-11-08_120,2018,4.661538461538462
9_2_2019-12-19_186,2019,2.953846153846154
9_16_2020-08-14_58,2020,14.561538461538461
9_43_2021-12-09_77,2021,16.415384615384614
9_66_2022-11-16_212,2022,12.715384615384615
10_1_2023-12-19_11,2023,7.907692307692308
10_7_2024-03-08_2,2024,10.984615384615385
10_48_2025-12-18_115,2025,10.046153846153846
10_61_2026-07-01_148,2026,6.184615384615385
8_26_2016-09-22_253,2016,4.323076923076923
8_47_2017-09-13_63,2017,3.8615384615384616
8_74_2018-12-12_144,2018,4.661538461538462
8_79_2019-04-03_140,2019,2.953846153846154
9_19_2020-10-21_75,2020,14.561538461538461
9_34_2021-07-07_96,2021,16.415384615384614
9_46_2022-01-12_231,2022,12.715384615384615
10_1_2023-12-07_38,2023,7.907692307692308
10_23_2024-12-04_150,2024,10.984615384615385
10_44_2025-11-06_26,2025,10.046153846153846
10_52_2026-02-27_11,2026,6.184615384615385
8_26_2016-09-23_49,2016,4.323076923076923
8_34_2017-01-26_63,2017,3.8615384615384616
8_69_2018-10-03_212,2018,4.661538461538462
8_77_2019-01-30_83,2019,2.953846153846154
9_11_2020-05-05_44,2020,14.561538461538461
9_36_2021-09-15_62,2021,16.415384615384614
9_63_2022-10-06_347,2022,12.715384615384615
9_79_2023-07-12_243,2023,7.907692307692308
10_7_2024-03-07_234,2024,10.984615384615385
10_40_2025-09-10_69,2025,10.046153846153846
10_61_2026-07-01_25,2026,6.184615384615385
8_24_2016-09-05_37,2016,4.323076923076923
8_53_2017-12-07_6,2017,3.8615384615384616
8_61_2018-04-13_78,2018,4.661538461538462
8_77_2019-01-31_47,2019,2.953846153846154
9_19_2020-10-21_61,2020,14.561538461538461
9_33_2021-06-23_29,2021,16.415384615384614
9_56_2022-06-09_191,2022,12.715384615384615
10_1_2023-11-22_28,2023,7.907692307692308
10_22_2024-11-27_139,2024,10.984615384615385
10_44_2025-11-05_154,2025,10.046153846153846
10_57_2026-05-13_7,2026,6.184615384615385
8_21_2016-06-21_114,2016,4.323076923076923
8_46_2017-07-19_67,2017,3.8615384615384616
8_56_2018-01-11_30,2018,4.661538461538462
8_77_2019-02-21_32,2019,2.953846153846154
9_21_2020-11-27_149,2020,14.561538461538461
9_33_2021-06-24_64,2021,16.415384615384614
9_57_2022-06-23_144,2022,12.715384615384615
9_72_2023-02-09_12,2023,7.907692307692308
10_10_2024-04-24_16,2024,10.984615384615385
10_46_2025-12-03_23,2025,10.046153846153846
10_57_2026-05-13_259,2026,6.184615384615385
8_8_2016-01-15_50,2016,4.323076923076923
8_44_2017-06-20_11,2017,3.8615384615384616
8_71_2018-11-07_138,2018,4.661538461538462
8_82_2019-06-13_64,2019,2.953846153846154
9_17_2020-09-16_50,2020,14.561538461538461
9_27_2021-03-16_239,2021,16.415384615384614
9_49_2022-02-24_55,2022,12.715384615384615
9_77_2023-06-15_314,2023,7.907692307692308
10_22_2024-11-19_21,2024,10.984615384615385
10_46_2025-12-04_87,2025,10.046153846153846
10_53_2026-03-13_128,2026,6.184615384615385
8_20_2016-06-10_167,2016,4.323076923076923
8_39_2017-04-07_7,2017,3.8615384615384616
8_64_2018-06-14_40,2018,4.661538461538462
8_84_2019-07-17_296,2019,2.953846153846154
9_15_2020-07-22_113,2020,14.561538461538461
9_35_2021-07-22_54,2021,16.415384615384614
9_63_2022-10-20_170,2022,12.715384615384615
9_78_2023-07-06_272,2023,7.907692307692308
10_7_2024-03-07_60,2024,10.984615384615385
10_26_2025-01-09_239,2025,10.046153846153846
10_62_2026-07-16_43,2026,6.184615384615385
8_21_2016-06-21_11,2016,4.323076923076923
8_54_2017-12-12_162,2017,3.8615384615384616
8_71_2018-11-09_55,2018,4.661538461538462
8_86_2019-10-15_17,2019,2.953846153846154
9_3_2020-01-08_121,2020,14.561538461538461
9_25_2021-01-21_232,2021,16.415384615384614
9_65_2022-11-03_141,2022,12.715384615384615
9_72_2023-02-08_8,2023,7.907692307692308
10_19_2024-10-10_39,2024,10.984615384615385
10_32_2025-04-03_114,2025,10.046153846153846
10_65_2026-09-16_344,2026,6.184615384615385
8_26_2016-09-22_171,2016,4.323076923076923
8_48_2017-09-27_107,2017,3.8615384615384616
8_65_2018-06-27_7,2018,4.661538461538462
9_1_2019-11-19_22,2019,2.953846153846154
9_11_2020-05-06_9,2020,14.561538461538461
9_26_2021-02-24_124,2021,16.415384615384614
9_69_2022-12-15_56,2022,12.715384615384615
9_70_2023-01-12_37,2023,7.907692307692308
10_11_2024-05-09_246,2024,10.984615384615385
10_48_2025-12-19_122,2025,10.046153846153846
10_52_2026-02-25_148,2026,6.184615384615385
8_23_2016-07-21_270,2016,4.323076923076923
8_45_2017-07-12_21,2017,3.8615384615384616
8_66_2018-07-03_36,2018,4.661538461538462
8_76_2019-01-17_105,2019,2.953846153846154
9_11_2020-05-05_62,2020,14.561538461538461
9_29_2021-05-04_9,2021,16.415384615384614
9_46_2022-01-12_308,2022,12.715384615384615
10_1_2023-12-12_84,2023,7.907692307692308
10_5_2024-02-07_117,2024,10.984615384615385
10_42_2025-10-07_116,2025,10.046153846153846
10_53_2026-03-13_52,2026,6.184615384615385
8_17_2016-04-28_91,2016,4.323076923076923
8_43_2017-06-09_10,2017,3.8615384615384616
8_71_2018-11-08_35,2018,4.661538461538462
8_76_2019-01-17_78,2019,2.953846153846154
9_21_2020-11-19_84,2020,14.561538461538461
9_43_2021-12-09_21,2021,16.415384615384614
9_57_2022-06-22_7,2022,12.715384615384615
10_1_2023-11-22_62,2023,7.907692307692308
10_11_2024-05-09_60,2024,10.984615384615385
10_32_2025-04-02_223,2025,10.046153846153846
10_58_2026-05-28_155,2026,6.184615384615385
8_31_2016-12-02_82,2016,4.323076923076923
8_45_2017-07-12_10,2017,3.8615384615384616
8_62_2018-05-09_181,2018,4.661538461538462
8_80_2019-04-26_16,2019,2.953846153846154
9_15_2020-07-22_96,2020,14.561538461538461
9_39_2021-10-14_29,2021,16.415384615384614
9_61_2022-09-15_131,2022,12.715384615384615
9_73_2023-03-07_234,2023,7.907692307692308
10_22_2024-11-22_10,2024,10.984615384615385
10_29_2025-02-20_234,2025,10.046153846153846
10_50_2026-01-22_7,2026,6.184615384615385
8_16_2016-04-13_51,2016,4.323076923076923
8_34_2017-01-26_67,2017,3.8615384615384616
8_64_2018-06-14_59,2018,4.661538461538462
9_2_2019-12-19_9,2019,2.953846153846154
9_11_2020-05-06_94,2020,14.561538461538461
9_43_2021-12-08_17,2021,16.415384615384614
9_63_2022-10-06_102,2022,12.715384615384615
9_73_2023-03-08_128,2023,7.907692307692308
10_18_2024-09-27_127,2024,10.984615384615385
10_45_2025-11-20_111,2025,10.046153846153846
10_65_2026-09-17_328,2026,6.184615384615385
8_20_2016-06-08_17,2016,4.323076923076923
8_44_2017-06-21_2,2017,3.8615384615384616
8_66_2018-07-03_40,2018,4.661538461538462
8_77_2019-01-30_153,2019,2.953846153846154
9_11_2020-04-30_29,2020,14.561538461538461
9_36_2021-09-15_97,2021,16.415384615384614
9_67_2022-11-30_197,2022,12.715384615384615
9_74_2023-04-12_280,2023,7.907692307692308
10_18_2024-09-25_177,2024,10.984615384615385
10_48_2025-12-19_125,2025,10.046153846153846
10_58_2026-05-28_92,2026,6.184615384615385
8_18_2016-05-13_57,2016,4.323076923076923
8_39_2017-04-07_2,2017,3.8615384615384616
8_55_2018-01-10_191,2018,4.661538461538462
8_86_2019-09-11_147,2019,2.953846153846154
9_15_2020-07-23_47,2020,14.561538461538461
9_43_2021-11-30_44,2021,16.415384615384614
9_68_2022-12-14_321,2022,12.715384615384615
10_1_2023-12-21_30,2023,7.907692307692308
10_5_2024-02-08_155,2024,10.984615384615385
10_38_2025-07-09_52,2025,10.046153846153846
10_56_2026-04-30_3,2026,6.184615384615385
8_23_2016-07-21_9,2016,4.323076923076923
8_54_2017-12-14_69,2017,3.8615384615384616
8_68_2018-09-12_153,2018,4.661538461538462
8_83_2019-07-04_275,2019,2.953846153846154
9_23_2020-12-16_36,2020,14.561538461538461
9_30_2021-05-19_105,2021,16.415384615384614
9_57_2022-06-23_172,2022,12.715384615384615
9_74_2023-04-13_3,2023,7.907692307692308
10_6_2024-02-22_35,2024,10.984615384615385
10_39_2025-07-24_57,2025,10.046153846153846
10_58_2026-05-29_32,2026,6.184615384615385
8_29_2016-11-03_145,2016,4.323076923076923
8_47_2017-09-15_168,2017,3.8615384615384616
8_74_2018-12-13_98,2018,4.661538461538462
8_77_2019-01-30_94,2019,2.953846153846154
9_13_2020-06-19_130,2020,14.561538461538461
9_31_2021-06-15_97,2021,16.415384615384614
9_64_2022-10-26_196,2022,12.715384615384615
9_79_2023-07-11_319,2023,7.907692307692308
10_2_2024-01-17_128,2024,10.984615384615385
10_31_2025-03-20_37,2025,10.046153846153846
10_58_2026-05-29_36,2026,6.184615384615385
8_22_2016-07-05_119,2016,4.323076923076923
8_51_2017-11-08_26,2017,3.8615384615384616
8_66_2018-07-05_308,2018,4.661538461538462
8_82_2019-06-13_113,2019,2.953846153846154
9_21_2020-11-18_13,2020,14.561538461538461
9_27_2021-03-17_111,2021,16.415384615384614
9_47_2022-02-01_75,2022,12.715384615384615
9_79_2023-07-12_44,2023,7.907692307692308
10_11_2024-05-09_48,2024,10.984615384615385
10_32_2025-04-02_220,2025,10.046153846153846
10_65_2026-09-17_359,2026,6.184615384615385
8_31_2016-11-29_177,2016,4.323076923076923
8_40_2017-04-21_95,2017,3.8615384615384616
8_71_2018-11-09_18,2018,4.661538461538462
8_84_2019-07-17_314,2019,2.953846153846154
9_23_2020-12-16_74,2020,14.561538461538461
9_45_2021-12-17_55,2021,16.415384615384614
9_68_2022-12-13_74,2022,12.715384615384615
9_71_2023-01-26_207,2023,7.907692307692308
10_22_2024-11-19_147,2024,10.984615384615385
10_36_2025-06-11_173,2025,10.046153846153846
10_57_2026-05-13_26,2026,6.184615384615385
8_14_2016-03-17_206,2016,4.323076923076923
8_46_2017-07-20_13,2017,3.8615384615384616
8_72_2018-11-21_195,2018,4.661538461538462
8_77_2019-01-30_89,2019,2.953846153846154
9_22_2020-12-10_43,2020,14.561538461538461
9_27_2021-03-16_77,2021,16.415384615384614
9_46_2022-01-12_171,2022,12.715384615384615
10_1_2023-12-19_9,2023,7.907692307692308
10_10_2024-04-24_130,2024,10.984615384615385
10_34_2025-05-07_165,2025,10.046153846153846
10_61_2026-07-01_47,2026,6.184615384615385
8_23_2016-07-21_13,2016,4.323076923076923
8_34_2017-01-26_73,2017,3.8615384615384616
8_72_2018-11-21_191,2018,4.661538461538462
8_78_2019-03-14_20,2019,2.953846153846154
9_7_2020-03-02_44,2020,14.561538461538461
9_34_2021-07-07_16,2021,16.415384615384614
9_57_2022-06-22_198,2022,12.715384615384615
10_1_2023-11-28_81,2023,7.907692307692308
10_6_2024-02-21_28,2024,10.984615384615385
10_40_2025-09-12_261,2025,10.046153846153846
10_52_2026-02-27_71,2026,6.184615384615385
8_15_2016-04-01_28,2016,4.323076923076923
8_39_2017-04-05_204,2017,3.8615384615384616
8_67_2018-07-18_150,2018,4.661538461538462
8_83_2019-07-03_135,2019,2.953846153846154
9_15_2020-07-22_164,2020,14.561538461538461
9_25_2021-01-20_24,2021,16.415384615384614
9_58_2022-07-07_12,2022,12.715384615384615
9_76_2023-05-26_153,2023,7.907692307692308
10_7_2024-03-06_225,2024,10.984615384615385
10_35_2025-05-21_172,2025,10.046153846153846
10_56_2026-04-29_22,2026,6.184615384615385
8_31_2016-11-29_31,2016,4.323076923076923
8_50_2017-10-26_225,2017,3.8615384615384616
8_74_2018-12-12_278,2018,4.661538461538462
8_85_2019-08-30_206,2019,2.953846153846154
9_17_2020-09-16_130,2020,14.561538461538461
9_26_2021-02-25_117,2021,16.415384615384614
9_48_2022-02-09_35,2022,12.715384615384615
10_1_2023-11-22_58,2023,7.907692307692308
10_12_2024-05-23_120,2024,10.984615384615385
10_39_2025-07-22_62,2025,10.046153846153846
10_56_2026-04-30_18,2026,6.184615384615385
8_22_2016-07-05_111,2016,4.323076923076923
8_40_2017-04-20_5,2017,3.8615384615384616
8_58_2018-02-06_77,2018,4.661538461538462
8_83_2019-07-04_41,2019,2.953846153846154
9_17_2020-09-17_166,2020,14.561538461538461
9_35_2021-07-22_13,2021,16.415384615384614
9_67_2022-12-01_217,2022,12.715384615384615
9_79_2023-07-13_26,2023,7.907692307692308
10_10_2024-04-25_124,2024,10.984615384615385
10_32_2025-04-02_225,2025,10.046153846153846
10_53_2026-03-12_117,2026,6.184615384615385
8_8_2016-01-14_26,2016,4.323076923076923
8_54_2017-12-13_128,2017,3.8615384615384616
8_74_2018-12-14_75,2018,4.661538461538462
8_78_2019-03-14_31,2019,2.953846153846154
9_23_2020-12-15_95,2020,14.561538461538461
9_25_2021-01-21_114,2021,16.415384615384614
9_48_2022-02-08_141,2022,12.715384615384615
10_1_2023-11-29_105,2023,7.907692307692308
10_6_2024-02-22_191,2024,10.984615384615385
10_45_2025-11-21_59,2025,10.046153846153846
10_65_2026-09-17_341,2026,6.184615384615385
8_30_2016-11-15_144,2016,4.323076923076923
8_34_2017-01-26_40,2017,3.8615384615384616
8_64_2018-06-14_245,2018,4.661538461538462
8_77_2019-02-21_349,2019,2.953846153846154
9_23_2020-12-16_176,2020,14.561538461538461
9_44_2021-12-15_51,2021,16.415384615384614
9_57_2022-06-22_158,2022,12.715384615384615
9_78_2023-07-07_242,2023,7.907692307692308
10_21_2024-11-07_286,2024,10.984615384615385
10_48_2025-12-18_293,2025,10.046153846153846
10_62_2026-07-16_99,2026,6.184615384615385
8_12_2016-02-25_151,2016,4.323076923076923
8_39_2017-04-06_197,2017,3.8615384615384616
8_57_2018-01-26_111,2018,4.661538461538462
8_82_2019-06-12_79,2019,2.953846153846154
9_15_2020-07-22_210,2020,14.561538461538461
9_36_2021-09-15_85,2021,16.415384615384614
9_61_2022-09-15_130,2022,12.715384615384615
9_79_2023-07-13_206,2023,7.907692307692308
10_10_2024-04-26_99,2024,10.984615384615385
10_41_2025-09-24_273,2025,10.046153846153846
10_57_2026-05-15_92,2026,6.184615384615385
8_32_2016-12-13_207,2016,4.323076923076923
8_53_2017-12-07_146,2017,3.8615384615384616
8_67_2018-07-19_271,2018,4.661538461538462
8_82_2019-06-13_212,2019,2.953846153846154
9_22_2020-12-09_130,2020,14.561538461538461
9_43_2021-12-08_44,2021,16.415384615384614
9_59_2022-07-20_58,2022,12.715384615384615
9_76_2023-05-25_293,2023,7.907692307692308
10_10_2024-04-24_7,2024,10.984615384615385
10_39_2025-08-04_149,2025,10.046153846153846
10_49_2026-01-08_5,2026,6.184615384615385
8_26_2016-09-22_166,2016,4.323076923076923
8_52_2017-11-24_151,2017,3.8615384615384616
8_69_2018-10-02_218,2018,4.661538461538462
8_84_2019-07-19_133,2019,2.953846153846154
9_17_2020-09-16_38,2020,14.561538461538461
9_27_2021-03-17_101,2021,16.415384615384614
9_68_2022-12-13_91,2022,12.715384615384615
9_76_2023-05-26_27,2023,7.907692307692308
10_4_2024-01-26_117,2024,10.984615384615385
10_42_2025-10-08_218,2025,10.046153846153846
10_53_2026-03-12_16,2026,6.184615384615385
8_32_2016-12-15_22,2016,4.323076923076923
8_34_2017-01-26_71,2017,3.8615384615384616
8_67_2018-07-19_266,2018,4.661538461538462
9_1_2019-11-19_169,2019,2.953846153846154
9_12_2020-05-27_87,2020,14.561538461538461
9_26_2021-02-24_41,2021,16.415384615384614
9_62_2022-09-29_15,2022,12.715384615384615
9_72_2023-02-09_112,2023,7.907692307692308
10_16_2024-07-23_147,2024,10.984615384615385
10_46_2025-12-04_269,2025,10.046153846153846
10_63_2026-07-30_62,2026,6.184615384615385
8_24_2016-09-05_71,2016,4.323076923076923
8_47_2017-09-13_68,2017,3.8615384615384616
8_60_2018-03-22_209,2018,4.661538461538462
9_2_2019-12-19_169,2019,2.953846153846154
9_10_2020-04-16_56,2020,14.561538461538461
9_26_2021-02-25_155,2021,16.415384615384614
9_47_2022-02-01_9,2022,12.715384615384615
9_77_2023-06-14_206,2023,7.907692307692308
10_22_2024-11-20_257,2024,10.984615384615385
10_29_2025-02-20_44,2025,10.046153846153846
10_49_2026-01-08_102,2026,6.184615384615385
8_21_2016-06-22_282,2016,4.323076923076923
8_42_2017-05-25_113,2017,3.8615384615384616
8_58_2018-02-08_47,2018,4.661538461538462
8_77_2019-01-31_53,2019,2.953846153846154
9_12_2020-05-27_106,2020,14.561538461538461
9_26_2021-02-25_93,2021,16.415384615384614
9_61_2022-09-15_97,2022,12.715384615384615
10_1_2023-11-22_33,2023,7.907692307692308
10_22_2024-11-20_263,2024,10.984615384615385
10_38_2025-07-09_36,2025,10.046153846153846
10_59_2026-06-11_97,2026,6.184615384615385
8_12_2016-02-24_115,2016,4.323076923076923
8_43_2017-06-09_2,2017,3.8615384615384616
8_70_2018-10-23_146,2018,4.661538461538462
8_77_2019-02-20_129,2019,2.953846153846154
9_20_2020-10-28_37,2020,14.561538461538461
9_30_2021-05-20_16,2021,16.415384615384614
9_51_2022-03-24_94,2022,12.715384615384615
9_71_2023-01-26_40,2023,7.907692307692308
10_19_2024-10-10_12,2024,10.984615384615385
10_43_2025-10-15_171,2025,10.046153846153846
10_57_2026-05-13_263,2026,6.184615384615385
8_32_2016-12-13_114,2016,4.323076923076923
8_45_2017-07-12_26,2017,3.8615384615384616
8_66_2018-07-03_21,2018,4.661538461538462
8_79_2019-04-03_189,2019,2.953846153846154
9_21_2020-11-19_78,2020,14.561538461538461
9_27_2021-03-16_171,2021,16.415384615384614
9_59_2022-07-20_286,2022,12.715384615384615
9_77_2023-06-16_253,2023,7.907692307692308
10_22_2024-11-19_142,2024,10.984615384615385
10_26_2025-01-08_269,2025,10.046153846153846
10_52_2026-02-26_151,2026,6.184615384615385
8_31_2016-12-02_162,2016,4.323076923076923
8_44_2017-06-22_73,2017,3.8615384615384616
8_55_2018-01-09_64,2018,4.661538461538462
8_79_2019-04-04_1,2019,2.953846153846154
9_14_2020-07-16_47,2020,14.561538461538461
9_43_2021-12-08_133,2021,16.415384615384614
9_55_2022-05-26_59,2022,12.715384615384615
9_74_2023-04-12_311,2023,7.907692307692308
10_12_2024-05-22_162,2024,10.984615384615385
10_35_2025-05-20_271,2025,10.046153846153846
10_61_2026-07-01_16,2026,6.184615384615385
8_31_2016-12-02_81,2016,4.323076923076923
8_34_2017-01-25_139,2017,3.8615384615384616
8_55_2018-01-10_68,2018,4.661538461538462
9_2_2019-12-19_95,2019,2.953846153846154
9_17_2020-09-17_86,2020,14.561538461538461
9_42_2021-11-17_89,2021,16.415384615384614
9_51_2022-03-23_240,2022,12.715384615384615
9_75_2023-05-09_127,2023,7.907692307692308
10_18_2024-09-25_90,2024,10.984615384615385
10_36_2025-06-11_281,2025,10.046153846153846
10_58_2026-05-28_351,2026,6.184615384615385
8_29_2016-11-03_101,2016,4.323076923076923
8_35_2017-02-09_32,2017,3.8615384615384616
8_62_2018-05-09_191,2018,4.661538461538462
8_85_2019-08-30_203,2019,2.953846153846154
9_21_2020-11-18_17,2020,14.561538461538461
9_33_2021-06-24_259,2021,16.415384615384614
9_61_2022-09-15_190,2022,12.715384615384615
9_71_2023-01-25_19,2023,7.907692307692308
10_16_2024-07-24_86,2024,10.984615384615385
10_39_2025-08-05_121,2025,10.046153846153846
10_65_2026-09-18_201,2026,6.184615384615385
8_29_2016-11-03_112,2016,4.323076923076923
8_49_2017-10-12_172,2017,3.8615384615384616
8_65_2018-06-27_37,2018,4.661538461538462
8_84_2019-07-18_47,2019,2.953846153846154
9_11_2020-04-29_41,2020,14.561538461538461
9_44_2021-12-14_2,2021,16.415384615384614
9_56_2022-06-08_95,2022,12.715384615384615
10_1_2023-12-07_11,2023,7.907692307692308
10_6_2024-02-21_4,2024,10.984615384615385
10_48_2025-12-19_127,2025,10.046153846153846
10_64_2026-09-02_295,2026,6.184615384615385
8_24_2016-09-05_82,2016,4.323076923076923
8_54_2017-12-12_16,2017,3.8615384615384616
8_62_2018-05-09_162,2018,4.661538461538462
9_1_2019-11-19_12,2019,2.953846153846154
9_21_2020-11-19_171,2020,14.561538461538461
9_25_2021-01-20_139,2021,16.415384615384614
9_60_2022-09-02_114,2022,12.715384615384615
9_70_2023-01-13_13,2023,7.907692307692308
10_22_2024-11-19_203,2024,10.984615384615385
10_32_2025-04-04_49,2025,10.046153846153846
10_57_2026-05-13_250,2026,6.184615384615385
8_14_2016-03-17_21,2016,4.323076923076923
8_49_2017-10-10_8,2017,3.8615384615384616
8_72_2018-11-21_230,2018,4.661538461538462
8_83_2019-07-03_127,2019,2.953846153846154
9_11_2020-05-07_37,2020,14.561538461538461
9_43_2021-11-30_2,2021,16.415384615384614
9_59_2022-07-20_290,2022,12.715384615384615
10_1_2023-12-12_35,2023,7.907692307692308
10_20_2024-10-17_118,2024,10.984615384615385
10_46_2025-12-03_20,2025,10.046153846153846
10_63_2026-07-30_37,2026,6.184615384615385
8_25_2016-09-13_78,2016,4.323076923076923
8_49_2017-10-10_54,2017,3.8615384615384616
8_72_2018-11-22_216,2018,4.661538461538462
8_82_2019-06-12_113,2019,2.953846153846154
9_20_2020-10-27_72,2020,14.561538461538461
9_40_2021-10-29_187,2021,16.415384615384614
9_59_2022-07-21_180,2022,12.715384615384615
9_76_2023-05-24_285,2023,7.907692307692308
10_4_2024-01-26_149,2024,10.984615384615385
10_27_2025-01-23_238,2025,10.046153846153846
10_65_2026-09-17_389,2026,6.184615384615385
8_19_2016-05-18_32,2016,4.323076923076923
8_44_2017-06-21_5,2017,3.8615384615384616
8_63_2018-06-05_87,2018,4.661538461538462
9_2_2019-12-20_123,2019,2.953846153846154
9_11_2020-05-12_5,2020,14.561538461538461
9_30_2021-05-28_30,2021,16.415384615384614
9_47_2022-01-27_97,2022,12.715384615384615
9_77_2023-06-14_199,2023,7.907692307692308
10_5_2024-02-09_13,2024,10.984615384615385
10_37_2025-06-25_117,2025,10.046153846153846
10_50_2026-01-21_16,2026,6.184615384615385
8_29_2016-11-04_135,2016,4.323076923076923
8_49_2017-10-12_42,2017,3.8615384615384616
8_63_2018-06-06_122,2018,4.661538461538462
8_82_2019-06-12_93,2019,2.953846153846154
9_21_2020-11-27_229,2020,14.561538461538461
9_44_2021-12-14_88,2021,16.415384615384614
9_63_2022-10-20_105,2022,12.715384615384615
9_75_2023-05-09_250,2023,7.907692307692308
10_16_2024-07-25_86,2024,10.984615384615385
10_48_2025-12-17_230,2025,10.046153846153846
10_63_2026-07-30_9,2026,6.184615384615385
8_31_2016-11-30_178,2016,4.323076923076923
8_52_2017-11-22_37,2017,3.8615384615384616
8_71_2018-11-09_117,2018,4.661538461538462
8_81_2019-05-16_18,2019,2.953846153846154
9_18_2020-10-07_114,2020,14.561538461538461
9_43_2021-12-09_16,2021,16.415384615384614
9_65_2022-11-04_258,2022,12.715384615384615
10_1_2023-11-22_47,2023,7.907692307692308
10_21_2024-11-07_103,2024,10.984615384615385
10_27_2025-01-23_20,2025,10.046153846153846
10_65_2026-09-15_111,2026,6.184615384615385
8_31_2016-11-30_181,2016,4.323076923076923
8_36_2017-02-23_1,2017,3.8615384615384616
8_62_2018-05-10_64,2018,4.661538461538462
8_76_2019-01-16_20,2019,2.953846153846154
9_4_2020-01-22_97,2020,14.561538461538461
9_44_2021-12-14_29,2021,16.415384615384614
9_59_2022-07-21_198,2022,12.715384615384615
10_1_2023-11-22_89,2023,7.907692307692308
10_7_2024-03-08_51,2024,10.984615384615385
10_37_2025-06-24_79,2025,10.046153846153846
10_51_2026-02-11_185,2026,6.184615384615385
8_29_2016-11-03_104,2016,4.323076923076923
8_38_2017-03-22_200,2017,3.8615384615384616
8_62_2018-05-09_168,2018,4.661538461538462
8_77_2019-01-31_6,2019,2.953846153846154
9_12_2020-05-28_108,2020,14.561538461538461
9_43_2021-11-30_72,2021,16.415384615384614
9_67_2022-12-01_20,2022,12.715384615384615
10_1_2023-11-22_86,2023,7.907692307692308
10_13_2024-06-12_39,2024,10.984615384615385
10_32_2025-04-03_88,2025,10.046153846153846
10_64_2026-09-02_140,2026,6.184615384615385
8_23_2016-07-21_266,2016,4.323076923076923
8_34_2017-01-26_49,2017,3.8615384615384616
8_73_2018-12-06_214,2018,4.661538461538462
8_79_2019-04-03_196,2019,2.953846153846154
9_11_2020-04-30_160,2020,14.561538461538461
9_28_2021-04-15_75,2021,16.415384615384614
9_63_2022-10-20_6,2022,12.715384615384615
9_76_2023-05-25_316,2023,7.907692307692308
10_18_2024-09-26_110,2024,10.984615384615385
10_39_2025-07-25_151,2025,10.046153846153846
10_50_2026-01-22_47,2026,6.184615384615385
8_21_2016-06-21_10,2016,4.323076923076923
8_35_2017-02-09_41,2017,3.8615384615384616
8_72_2018-11-21_192,2018,4.661538461538462
9_1_2019-11-21_107,2019,2.953846153846154
9_20_2020-10-27_165,2020,14.561538461538461
9_28_2021-04-15_4,2021,16.415384615384614
9_57_2022-06-22_58,2022,12.715384615384615
10_1_2023-12-11_114,2023,7.907692307692308
10_18_2024-09-26_104,2024,10.984615384615385
10_46_2025-12-04_219,2025,10.046153846153846
10_58_2026-05-27_256,2026,6.184615384615385
8_19_2016-05-19_87,2016,4.323076923076923
8_43_2017-06-09_5,2017,3.8615384615384616
8_67_2018-07-19_72,2018,4.661538461538462
9_2_2019-12-19_104,2019,2.953846153846154
9_7_2020-03-02_12,2020,14.561538461538461
9_35_2021-07-23_92,2021,16.415384615384614
9_66_2022-11-15_116,2022,12.715384615384615
9_73_2023-03-08_193,2023,7.907692307692308
10_7_2024-03-07_124,2024,10.984615384615385
10_26_2025-01-09_144,2025,10.046153846153846
10_62_2026-07-17_43,2026,6.184615384615385
8_27_2016-10-05_99,2016,4.323076923076923
8_51_2017-11-08_11,2017,3.8615384615384616
8_66_2018-07-03_250,2018,4.661538461538462
8_78_2019-03-13_3,2019,2.953846153846154
9_4_2020-01-22_64,2020,14.561538461538461
9_33_2021-06-24_150,2021,16.415384615384614
9_57_2022-06-22_133,2022,12.715384615384615
9_72_2023-02-08_82,2023,7.907692307692308
10_18_2024-10-01_80,2024,10.984615384615385
10_34_2025-05-08_24,2025,10.046153846153846
10_65_2026-09-16_275,2026,6.184615384615385
8_26_2016-09-22_264,2016,4.323076923076923
8_39_2017-04-06_195,2017,3.8615384615384616
8_70_2018-10-24_62,2018,4.661538461538462
8_85_2019-07-31_8,2019,2.953846153846154
9_12_2020-05-28_203,2020,14.561538461538461
9_38_2021-09-29_187,2021,16.415384615384614
9_49_2022-03-03_66,2022,12.715384615384615
9_81_2023-08-17_213,2023,7.907692307692308
10_6_2024-02-22_194,2024,10.984615384615385
10_38_2025-07-10_137,2025,10.046153846153846
10_58_2026-05-27_267,2026,6.184615384615385
8_23_2016-07-22_118,2016,4.323076923076923
8_52_2017-11-24_97,2017,3.8615384615384616
8_68_2018-09-13_115,2018,4.661538461538462
8_82_2019-06-13_125,2019,2.953846153846154
9_11_2020-04-29_53,2020,14.561538461538461
9_34_2021-07-08_130,2021,16.415384615384614
9_56_2022-06-08_179,2022,12.715384615384615
10_1_2023-11-29_23,2023,7.907692307692308
10_19_2024-10-10_34,2024,10.984615384615385
10_36_2025-06-03_103,2025,10.046153846153846
10_65_2026-09-16_256,2026,6.184615384615385
8_30_2016-11-15_3,2016,4.323076923076923
8_42_2017-05-25_132,2017,3.8615384615384616
8_60_2018-03-21_11,2018,4.661538461538462
8_78_2019-03-13_10,2019,2.953846153846154
9_23_2020-12-15_94,2020,14.561538461538461
9_25_2021-01-20_194,2021,16.415384615384614
9_47_2022-01-27_132,2022,12.715384615384615
9_79_2023-07-12_195,2023,7.907692307692308
10_7_2024-03-07_220,2024,10.984615384615385
10_40_2025-09-11_250,2025,10.046153846153846
10_57_2026-05-14_63,2026,6.184615384615385
8_19_2016-05-19_81,2016,4.323076923076923
8_44_2017-06-20_103,2017,3.8615384615384616
8_61_2018-04-13_71,2018,4.661538461538462
8_84_2019-07-18_65,2019,2.953846153846154
9_16_2020-08-14_106,2020,14.561538461538461
9_29_2021-05-04_47,2021,16.415384615384614
9_59_2022-07-21_241,2022,12.715384615384615
10_1_2023-11-28_60,2023,7.907692307692308
10_25_2024-12-19_79,2024,10.984615384615385
10_46_2025-12-03_104,2025,10.046153846153846
10_58_2026-05-27_251,2026,6.184615384615385
8_18_2016-05-13_56,2016,4.323076923076923
8_54_2017-12-12_8,2017,3.8615384615384616
8_72_2018-11-21_204,2018,4.661538461538462
9_1_2019-11-19_41,2019,2.953846153846154
9_21_2020-11-18_90,2020,14.561538461538461
9_26_2021-02-24_128,2021,16.415384615384614
9_46_2022-01-13_82,2022,12.715384615384615
9_77_2023-06-15_313,2023,7.907692307692308
10_18_2024-09-26_143,2024,10.984615384615385
10_41_2025-09-24_304,2025,10.046153846153846
10_60_2026-06-18_97,2026,6.184615384615385
8_25_2016-09-14_1,2016,4.323076923076923
8_36_2017-02-23_213,2017,3.8615384615384616
8_57_2018-01-25_193,2018,4.661538461538462
8_83_2019-07-04_284,2019,2.953846153846154
9_14_2020-07-16_79,2020,14.561538461538461
9_33_2021-06-24_231,2021,16.415384615384614
9_67_2022-11-30_72,2022,12.715384615384615
10_1_2023-12-06_79,2023,7.907692307692308
10_22_2024-11-21_27,2024,10.984615384615385
10_44_2025-11-07_115,2025,10.046153846153846
10_57_2026-05-15_75,2026,6.184615384615385
8_19_2016-05-19_238,2016,4.323076923076923
8_54_2017-12-13_175,2017,3.8615384615384616
8_71_2018-11-07_142,2018,4.661538461538462
8_78_2019-03-13_11,2019,2.953846153846154
9_11_2020-04-30_25,2020,14.561538461538461
9_43_2021-12-09_29,2021,16.415384615384614
9_55_2022-05-26_35,2022,12.715384615384615
9_78_2023-07-07_200,2023,7.907692307692308
10_25_2024-12-18_160,2024,10.984615384615385
10_27_2025-01-24_26,2025,10.046153846153846
10_65_2026-09-15_279,2026,6.184615384615385
8_19_2016-05-18_202,2016,4.323076923076923
8_34_2017-01-26_62,2017,3.8615384615384616
8_74_2018-12-12_44,2018,4.661538461538462
9_1_2019-11-19_1,2019,2.953846153846154
9_11_2020-05-06_114,2020,14.561538461538461
9_27_2021-03-16_217,2021,16.415384615384614
9_63_2022-10-20_51,2022,12.715384615384615
9_70_2023-01-12_169,2023,7.907692307692308
10_10_2024-04-26_130,2024,10.984615384615385
10_39_2025-07-24_79,2025,10.046153846153846
10_51_2026-02-13_59,2026,6.184615384615385
8_19_2016-05-18_46,2016,4.323076923076923
8_36_2017-02-22_179,2017,3.8615384615384616
8_75_2018-12-28_16,2018,4.661538461538462
8_78_2019-03-14_99,2019,2.953846153846154
9_12_2020-06-04_147,2020,14.561538461538461
9_38_2021-10-01_75,2021,16.415384615384614
9_52_2022-04-07_39,2022,12.715384615384615
9_79_2023-07-11_211,2023,7.907692307692308
10_15_2024-07-12_41,2024,10.984615384615385
10_29_2025-02-20_35,2025,10.046153846153846
10_65_2026-09-17_353,2026,6.184615384615385
8_29_2016-11-04_2,2016,4.323076923076923
8_39_2017-04-06_199,2017,3.8615384615384616
8_69_2018-10-03_175,2018,4.661538461538462
8_80_2019-04-25_229,2019,2.953846153846154
9_16_2020-08-14_59,2020,14.561538461538461
9_28_2021-04-15_125,2021,16.415384615384614
9_62_2022-09-28_61,2022,12.715384615384615
10_1_2023-11-22_61,2023,7.907692307692308
10_6_2024-02-21_13,2024,10.984615384615385
10_38_2025-07-10_40,2025,10.046153846153846
10_62_2026-07-15_71,2026,6.184615384615385
8_29_2016-11-03_110,2016,4.323076923076923
8_39_2017-04-06_191,2017,3.8615384615384616
8_62_2018-05-09_131,2018,4.661538461538462
8_82_2019-06-12_159,2019,2.953846153846154
9_17_2020-09-16_22,2020,14.561538461538461
9_37_2021-09-17_230,2021,16.415384615384614
9_67_2022-11-30_185,2022,12.715384615384615
9_74_2023-04-13_2,2023,7.907692307692308
10_18_2024-09-26_159,2024,10.984615384615385
10_48_2025-12-19_129,2025,10.046153846153846
10_57_2026-05-14_55,2026,6.184615384615385
8_32_2016-12-13_142,2016,4.323076923076923
8_51_2017-11-09_299,2017,3.8615384615384616
8_68_2018-09-12_148,2018,4.661538461538462
8_83_2019-07-03_132,2019,2.953846153846154
9_11_2020-04-30_3,2020,14.561538461538461
9_37_2021-09-16_62,2021,16.415384615384614
9_52_2022-04-07_176,2022,12.715384615384615
9_79_2023-07-12_227,2023,7.907692307692308
10_17_2024-09-12_32,2024,10.984615384615385
10_35_2025-05-21_231,2025,10.046153846153846
10_54_2026-03-26_100,2026,6.184615384615385
8_9_2016-01-27_51,2016,4.323076923076923
8_36_2017-02-23_214,2017,3.8615384615384616
8_70_2018-10-24_43,2018,4.661538461538462
8_81_2019-05-16_16,2019,2.953846153846154
9_20_2020-10-27_217,2020,14.561538461538461
9_43_2021-11-30_74,2021,16.415384615384614
9_46_2022-01-13_181,2022,12.715384615384615
9_79_2023-07-12_28,2023,7.907692307692308
10_22_2024-11-27_115,2024,10.984615384615385
10_39_2025-07-24_4,2025,10.046153846153846
10_53_2026-03-11_305,2026,6.184615384615385
8_23_2016-07-19_2,2016,4.323076923076923
8_42_2017-05-25_89,2017,3.8615384615384616
8_61_2018-04-13_69,2018,4.661538461538462
8_83_2019-07-03_130,2019,2.953846153846154
9_17_2020-09-16_83,2020,14.561538461538461
9_39_2021-10-13_113,2021,16.415384615384614
9_62_2022-09-28_47,2022,12.715384615384615
10_1_2023-11-22_21,2023,7.907692307692308
10_17_2024-09-12_24,2024,10.984615384615385
10_27_2025-01-23_263,2025,10.046153846153846
10_52_2026-02-26_33,2026,6.184615384615385
8_29_2016-11-03_109,2016,4.323076923076923
8_36_2017-02-22_19,2017,3.8615384615384616
8_55_2018-01-09_29,2018,4.661538461538462
8_78_2019-03-13_53,2019,2.953846153846154
9_10_2020-04-16_47,2020,14.561538461538461
9_35_2021-07-21_78,2021,16.415384615384614
9_52_2022-04-06_98,2022,12.715384615384615
10_1_2023-12-11_4,2023,7.907692307692308
10_11_2024-05-09_24,2024,10.984615384615385
10_30_2025-03-05_16,2025,10.046153846153846
10_56_2026-04-30_15,2026,6.184615384615385
8_28_2016-10-19_60,2016,4.323076923076923
8_34_2017-01-26_213,2017,3.8615384615384616
8_69_2018-10-03_205,2018,4.661538461538462
8_78_2019-03-15_31,2019,2.953846153846154
9_14_2020-07-15_159,2020,14.561538461538461
9_38_2021-09-29_23,2021,16.415384615384614
9_53_2022-04-27_114,2022,12.715384615384615
10_1_2023-11-21_5,2023,7.907692307692308
10_2_2024-01-16_41,2024,10.984615384615385
10_40_2025-09-10_269,2025,10.046153846153846
10_52_2026-02-26_138,2026,6.184615384615385
8_31_2016-11-29_34,2016,4.323076923076923
8_37_2017-03-08_69,2017,3.8615384615384616
8_57_2018-01-25_257,2018,4.661538461538462
8_79_2019-04-03_188,2019,2.953846153846154
9_14_2020-07-15_5,2020,14.561538461538461
9_38_2021-10-01_160,2021,16.415384615384614
9_51_2022-03-24_183,2022,12.715384615384615
9_79_2023-07-13_275,2023,7.907692307692308
10_11_2024-05-09_169,2024,10.984615384615385
10_48_2025-12-19_124,2025,10.046153846153846
10_58_2026-05-28_11,2026,6.184615384615385
8_17_2016-04-28_260,2016,4.323076923076923
8_50_2017-10-26_120,2017,3.8615384615384616
8_61_2018-04-13_89,2018,4.661538461538462
8_82_2019-06-12_90,2019,2.953846153846154
9_12_2020-05-27_23,2020,14.561538461538461
9_38_2021-09-29_196,2021,16.415384615384614
9_47_2022-02-01_34,2022,12.715384615384615
10_1_2023-11-29_12,2023,7.907692307692308
10_11_2024-05-09_50,2024,10.984615384615385
10_41_2025-09-26_119,2025,10.046153846153846
10_65_2026-09-17_441,2026,6.184615384615385
8_32_2016-12-14_295,2016,4.323076923076923
8_50_2017-10-25_199,2017,3.8615384615384616
8_66_2018-07-03_25,2018,4.661538461538462
8_77_2019-01-31_11,2019,2.953846153846154
9_19_2020-10-22_64,2020,14.561538461538461
9_34_2021-07-08_227,2021,16.415384615384614
9_66_2022-11-15_205,2022,12.715384615384615
10_1_2023-12-06_17,2023,7.907692307692308
10_10_2024-04-24_183,2024,10.984615384615385
10_27_2025-01-22_4,2025,10.046153846153846
10_50_2026-01-23_73,2026,6.184615384615385
8_33_2016-12-16_3,2016,4.323076923076923
8_41_2017-05-10_91,2017,3.8615384615384616
8_60_2018-03-22_198,2018,4.661538461538462
8_77_2019-01-31_71,2019,2.953846153846154
9_9_2020-04-03_26,2020,14.561538461538461
9_33_2021-06-23_39,2021,16.415384615384614
9_65_2022-11-03_228,2022,12.715384615384615
9_77_2023-06-13_33,2023,7.907692307692308
10_6_2024-02-21_14,2024,10.984615384615385
10_40_2025-09-11_245,2025,10.046153846153846
10_56_2026-04-30_36,2026,6.184615384615385
8_27_2016-10-04_204,2016,4.323076923076923
8_54_2017-12-14_88,2017,3.8615384615384616
8_62_2018-05-09_192,2018,4.661538461538462
8_77_2019-02-21_43,2019,2.953846153846154
9_14_2020-07-16_28,2020,14.561538461538461
9_30_2021-05-19_221,2021,16.415384615384614
9_48_2022-02-09_81,2022,12.715384615384615
10_1_2023-12-12_3,2023,7.907692307692308
10_22_2024-11-27_87,2024,10.984615384615385
10_30_2025-03-07_176,2025,10.046153846153846
10_61_2026-07-01_52,2026,6.184615384615385
8_21_2016-06-23_39,2016,4.323076923076923
8_38_2017-03-22_224,2017,3.8615384615384616
8_61_2018-04-12_44,2018,4.661538461538462
9_1_2019-11-19_114,2019,2.953846153846154
9_19_2020-10-22_22,2020,14.561538461538461
9_27_2021-03-16_38,2021,16.415384615384614
9_61_2022-09-14_224,2022,12.715384615384615
9_77_2023-06-15_312,2023,7.907692307692308
10_20_2024-10-17_273,2024,10.984615384615385
10_37_2025-06-26_150,2025,10.046153846153846
10_60_2026-06-17_269,2026,6.184615384615385
8_19_2016-05-19_76,2016,4.323076923076923
8_38_2017-03-23_101,2017,3.8615384615384616
8_62_2018-05-09_184,2018,4.661538461538462
8_76_2019-01-17_108,2019,2.953846153846154
9_20_2020-10-27_73,2020,14.561538461538461
9_26_2021-02-24_7,2021,16.415384615384614
9_52_2022-04-07_166,2022,12.715384615384615
10_1_2023-12-21_66,2023,7.907692307692308
10_12_2024-05-23_121,2024,10.984615384615385
10_41_2025-09-24_251,2025,10.046153846153846
10_51_2026-02-13_97,2026,6.184615384615385
8_16_2016-04-13_26,2016,4.323076923076923
8_38_2017-03-23_105,2017,3.8615384615384616
8_74_2018-12-13_32,2018,4.661538461538462
8_82_2019-06-13_86,2019,2.953846153846154
9_21_2020-11-18_181,2020,14.561538461538461
9_34_2021-07-08_13,2021,16.415384615384614
9_65_2022-11-03_49,2022,12.715384615384615
9_79_2023-07-12_242,2023,7.907692307692308
10_16_2024-07-24_8,2024,10.984615384615385
10_39_2025-07-22_328,2025,10.046153846153846
10_58_2026-05-27_260,2026,6.184615384615385
8_23_2016-07-21_143,2016,4.323076923076923
8_45_2017-07-12_22,2017,3.8615384615384616
8_55_2018-01-09_6,2018,4.661538461538462
8_82_2019-06-13_122,2019,2.953846153846154
9_3_2020-01-10_56,2020,14.561538461538461
9_25_2021-01-21_46,2021,16.415384615384614
9_63_2022-10-07_144,2022,12.715384615384615
9_73_2023-03-08_178,2023,7.907692307692308
10_18_2024-09-26_222,2024,10.984615384615385
10_40_2025-09-12_62,2025,10.046153846153846
10_63_2026-07-29_232,2026,6.184615384615385
8_21_2016-06-21_124,2016,4.323076923076923
8_39_2017-04-06_147,2017,3.8615384615384616
8_55_2018-01-10_115,2018,4.661538461538462
8_76_2019-01-16_11,2019,2.953846153846154
9_5_2020-02-13_40,2020,14.561538461538461
9_26_2021-02-25_10,2021,16.415384615384614
9_58_2022-07-06_79,2022,12.715384615384615
10_1_2023-11-22_18,2023,7.907692307692308
10_23_2024-12-05_189,2024,10.984615384615385
10_36_2025-06-03_86,2025,10.046153846153846
10_58_2026-05-28_369,2026,6.184615384615385
8_29_2016-11-03_113,2016,4.323076923076923
8_40_2017-04-20_3,2017,3.8615384615384616
8_62_2018-05-09_117,2018,4.661538461538462
9_2_2019-12-12_89,2019,2.953846153846154
9_16_2020-08-14_57,2020,14.561538461538461
9_39_2021-10-13_8,2021,16.415384615384614
9_51_2022-03-23_220,2022,12.715384615384615
9_72_2023-02-07_91,2023,7.907692307692308
10_17_2024-09-11_14,2024,10.984615384615385
10_39_2025-07-25_152,2025,10.046153846153846
10_64_2026-09-03_132,2026,6.184615384615385
8_17_2016-04-28_96,2016,4.323076923076923
8_40_2017-04-20_13,2017,3.8615384615384616
8_74_2018-12-14_110,2018,4.661538461538462
8_83_2019-07-04_15,2019,2.953846153846154
9_15_2020-07-22_149,2020,14.561538461538461
9_38_2021-10-01_57,2021,16.415384615384614
9_61_2022-09-14_48,2022,12.715384615384615
9_73_2023-03-08_112,2023,7.907692307692308
10_19_2024-10-11_33,2024,10.984615384615385
10_38_2025-07-08_241,2025,10.046153846153846
10_53_2026-03-11_179,2026,6.184615384615385
8_11_2016-02-10_37,2016,4.323076923076923
8_34_2017-01-26_50,2017,3.8615384615384616
8_75_2018-12-28_84,2018,4.661538461538462
8_82_2019-06-14_16,2019,2.953846153846154
9_23_2020-12-16_73,2020,14.561538461538461
9_27_2021-03-30_4,2021,16.415384615384614
9_64_2022-10-27_199,2022,12.715384615384615
10_1_2023-12-11_70,2023,7.907692307692308
10_10_2024-04-26_3,2024,10.984615384615385
10_32_2025-04-03_229,2025,10.046153846153846
10_63_2026-07-29_235,2026,6.184615384615385
8_27_2016-10-04_39,2016,4.323076923076923
8_34_2017-01-26_58,2017,3.8615384615384616
8_55_2018-01-09_52,2018,4.661538461538462
8_76_2019-01-16_12,2019,2.953846153846154
9_12_2020-06-04_80,2020,14.561538461538461
9_40_2021-10-29_21,2021,16.415384615384614
9_51_2022-03-24_90,2022,12.715384615384615
10_1_2023-11-28_62,2023,7.907692307692308
10_18_2024-09-26_284,2024,10.984615384615385
10_27_2025-01-23_218,2025,10.046153846153846
10_56_2026-04-29_218,2026,6.184615384615385
