member_id,klub,od,do
1,PiS,2015-11-12,2018-06-15
2,PiS,2015-11-12,2019-10-16
3,PO,2015-11-12,2018-12-05
3,PO-KO,2018-12-06,2019-10-16
4,Kukiz15,2015-11-12,2017-11-09
4,WiS,2017-11-22,2018-12-28
4,niez.,2019-01-16,2019-10-16
5,PiS,2015-11-12,2019-10-16
6,Kukiz15,2015-11-12,2019-10-16
7,PiS,2015-11-12,2019-10-16
8,PiS,2015-11-12,2019-10-16
9,PiS,2015-11-12,2019-10-16
10,PO,2015-11-12,2018-12-05
10,PO-KO,2018-12-06,2019-05-16
11,PO,2015-11-12,2018-12-05
11,PO-KO,2018-12-06,2019-10-16
12,PiS,2015-11-12,2019-10-16
13,PO,2015-11-12,2018-12-05
13,PO-KO,2018-12-06,2019-10-16
14,N,2015-11-12,2017-04-07
14,PO,2017-04-21,2018-12-05
14,PO-KO,2018-12-06,2019-10-16
15,PO,2015-11-12,2018-12-05
15,PO-KO,2018-12-06,2019-10-16
16,PiS,2015-11-12,2019-10-16
17,PiS,2015-11-12,2018-03-06
17,niez.,2018-03-20,2019-10-16
18,PiS,2015-11-12,2019-10-16
19,Kukiz15,2015-11-12,2018-10-23
20,PO,2015-11-12,2018-12-05
20,PO-KO,2018-12-06,2019-10-16
21,PiS,2015-11-12,2019-10-16
22,PiS,2015-11-12,2019-10-16
23,PSL,2015-11-12,2018-01-26
23,PiS,2018-02-08,2019-10-16
24,PiS,2015-11-12,2019-10-16
25,PSL,2015-11-12,2018-02-08
25,PSL-UED,2018-02-28,2019-07-04
25,PSL-KP,2019-07-17,2019-10-16
26,PiS,2015-11-12,2019-10-16
27,PO,2015-11-12,2018-12-05
27,PO-KO,2018-12-06,2019-10-16
28,PiS,2015-11-12,2019-10-16
29,PO,2015-11-12,2018-12-05
29,PO-KO,2018-12-06,2019-07-04
29,PSL-KP,2019-07-17,2019-10-16
30,PiS,2015-11-12,2019-10-16
31,PiS,2015-11-12,2019-10-16
32,Kukiz15,2015-11-12,2017-02-22
32,niez.,2017-02-24,2017-02-24
32,Republikanie,2017-03-09,2017-09-15
32,niez.,2017-09-27,2019-10-16
33,PiS,2015-11-12,2019-10-16
34,PO,2015-11-12,2018-12-05
34,PO-KO,2018-12-06,2019-10-16
35,PiS,2015-11-12,2019-10-16
36,PiS,2015-11-12,2019-10-16
37,Kukiz15,2015-11-12,2019-07-31
37,UPR,2019-08-09,2019-10-16
38,PiS,2015-11-12,2019-10-16
39,PO,2015-11-12,2018-12-05
39,PO-KO,2018-12-06,2019-10-16
40,PiS,2015-11-12,2019-05-16
41,Kukiz15,2015-11-12,2019-10-16
42,PiS,2015-11-12,2019-10-16
43,PiS,2015-11-12,2019-10-16
44,PiS,2015-11-12,2019-10-16
45,PO,2015-11-12,2018-12-05
45,PO-KO,2018-12-06,2019-10-16
46,PO,2015-11-12,2018-12-05
46,PO-KO,2018-12-06,2019-10-16
47,PiS,2015-11-12,2019-10-16
48,PO,2015-11-12,2018-12-05
48,PO-KO,2018-12-06,2019-10-16
49,PiS,2015-11-12,2019-10-16
50,Kukiz15,2015-11-12,2019-10-16
51,Kukiz15,2015-11-12,2017-10-27
51,WiS,2017-11-08,2019-04-03
51,PiS,2019-04-04,2019-10-16
52,PO,2015-11-12,2018-12-05
52,PO-KO,2018-12-06,2019-10-16
53,PO,2015-11-12,2018-12-05
53,PO-KO,2018-12-06,2019-10-16
54,PiS,2015-11-12,2019-10-16
55,PO,2015-11-12,2018-12-05
55,PO-KO,2018-12-06,2019-10-16
56,PO,2015-11-12,2018-12-05
56,PO-KO,2018-12-06,2019-10-16
57,PiS,2015-11-12,2019-10-16
58,N,2015-11-12,2018-01-11
58,niez.,2018-01-25,2019-07-03
58,PO-KO,2019-07-04,2019-10-16
59,PiS,2015-11-12,2019-10-16
60,PiS,2015-11-12,2019-10-16
61,PiS,2015-11-12,2019-10-16
62,PiS,2015-11-12,2019-10-16
63,PiS,2015-11-12,2019-10-16
64,PO,2015-11-12,2018-12-05
64,PO-KO,2018-12-06,2019-10-16
65,PiS,2015-11-12,2019-10-16
66,PO,2015-11-12,2018-12-05
66,PO-KO,2018-12-06,2019-10-16
67,Kukiz15,2015-11-12,2019-10-16
68,PiS,2015-11-12,2019-10-16
69,PiS,2015-11-12,2019-10-16
70,N,2015-11-12,2019-06-12
70,niez.,2019-06-13,2019-06-13
70,PO-KO,2019-07-03,2019-10-16
71,PO,2015-11-12,2018-12-05
71,PO-KO,2018-12-06,2019-10-16
72,PiS,2015-11-12,2019-10-16
73,PiS,2015-11-12,2019-10-16
74,PiS,2015-11-12,2019-10-16
75,PO,2015-11-12,2018-12-05
75,PO-KO,2018-12-06,2019-10-16
76,PiS,2015-11-12,2019-10-16
77,PiS,2015-11-12,2019-10-16
78,PiS,2015-11-12,2019-10-16
79,PO,2015-11-12,2018-12-05
79,PO-KO,2018-12-06,2019-10-16
80,PiS,2015-11-12,2019-10-16
81,PiS,2015-11-12,2019-10-16
82,PO,2015-11-12,2018-12-05
82,PO-KO,2018-12-06,2019-10-16
83,PiS,2015-11-12,2019-10-16
84,PiS,2015-11-12,2019-10-16
85,PO,2015-11-12,2018-12-05
85,PO-KO,2018-12-06,2019-10-16
86,N,2015-11-12,2017-04-07
86,PO,2017-04-21,2018-12-05
86,PO-KO,2018-12-06,2019-10-16
87,PO,2015-11-12,2018-12-05
87,PO-KO,2018-12-06,2019-10-16
88,PO,2015-11-12,2018-12-05
88,PO-KO,2018-12-06,2019-10-16
89,PiS,2015-11-12,2019-10-16
90,niez.,2015-11-12,2019-10-16
91,PO,2015-11-12,2018-12-05
91,PO-KO,2018-12-06,2019-10-16
92,N,2015-11-12,2018-12-05
92,PO-KO,2018-12-06,2019-10-16
93,PO,2015-11-12,2018-12-05
93,PO-KO,2018-12-06,2019-10-16
94,PO,2015-11-12,2018-12-05
94,PO-KO,2018-12-06,2019-10-16
95,PiS,2015-11-12,2019-10-16
96,PO,2015-11-12,2018-12-05
96,PO-KO,2018-12-06,2019-10-16
97,PO,2015-11-12,2018-12-05
97,PO-KO,2018-12-06,2019-10-16
98,PO,2015-11-12,2018-12-05
98,PO-KO,2018-12-06,2019-10-16
99,PiS,2015-11-12,2019-10-16
100,PiS,2015-11-12,2019-10-16
101,PiS,2015-11-12,2019-10-16
102,PiS,2015-11-12,2018-06-27
103,PO,2015-11-12,2018-12-05
103,PO-KO,2018-12-06,2019-10-16
104,PiS,2015-11-12,2019-10-16
105,N,2015-11-12,2017-04-07
105,PO,2017-04-21,2018-12-05
105,PO-KO,2018-12-06,2019-10-16
106,PiS,2015-11-12,2019-10-16
107,PiS,2015-11-12,2019-10-16
108,PiS,2015-11-12,2019-10-16
109,PiS,2015-11-12,2019-10-16
110,PiS,2015-11-12,2019-10-16
111,PiS,2015-11-12,2019-10-16
112,PiS,2015-11-12,2016-04-01
113,PO,2015-11-12,2018-12-05
113,PO-KO,2018-12-06,2019-10-16
114,PO,2015-11-12,2018-12-05
114,PO-KO,2018-12-06,2019-10-16
115,Kukiz15,2015-11-12,2019-10-16
116,PO,2015-11-12,2018-12-05
116,PO-KO,2018-12-06,2019-10-16
117,N,2015-11-12,2017-10-11
117,niez.,2017-10-12,2017-12-08
117,PiS,2017-12-12,2019-10-16
118,PiS,2015-11-12,2019-10-16
119,PO,2015-11-12,2018-12-05
119,PO-KO,2018-12-06,2019-05-16
120,PiS,2015-11-12,2019-10-16
121,PO,2015-11-12,2018-12-05
121,PO-KO,2018-12-06,2019-10-16
122,PO,2015-11-12,2018-12-05
122,PO-KO,2018-12-06,2019-10-16
123,N,2015-11-12,2019-06-12
123,niez.,2019-06-13,2019-06-13
123,PO-KO,2019-07-03,2019-10-16
124,PO,2015-11-12,2018-12-05
124,PO-KO,2018-12-06,2019-10-16
125,PiS,2015-11-12,2015-11-25
126,PO,2015-11-12,2018-12-05
126,PO-KO,2018-12-06,2019-10-16
127,PiS,2015-11-12,2019-10-16
128,PiS,2015-11-12,2019-10-16
129,PO,2015-11-12,2016-07-19
129,niez.,2016-07-21,2016-09-21
129,ED,2016-09-22,2016-12-13
129,UED,2016-12-14,2018-02-08
129,PSL-UED,2018-02-28,2018-10-23
130,PiS,2015-11-12,2019-10-16
131,Kukiz15,2015-11-12,2019-07-31
131,PP,2019-08-09,2019-10-16
132,PiS,2015-11-12,2019-05-16
133,Kukiz15,2015-11-12,2018-10-23
133,niez.,2018-11-07,2019-03-15
133,Konfederacja,2019-04-03,2019-07-17
133,niez.,2019-07-19,2019-10-16
134,PiS,2015-11-12,2019-10-16
135,PiS,2015-11-12,2019-10-16
136,PO,2015-11-12,2018-12-05
136,PO-KO,2018-12-06,2019-10-16
137,PO,2015-11-12,2016-06-10
137,N,2016-06-22,2018-12-05
137,PO-KO,2018-12-06,2019-10-16
138,PSL,2015-11-12,2018-02-08
138,PSL-UED,2018-02-28,2019-07-04
138,PSL-KP,2019-07-17,2019-10-16
139,PiS,2015-11-12,2015-12-15
140,Kukiz15,2015-11-12,2019-07-31
140,UPR,2019-08-09,2019-10-16
141,PiS,2015-11-12,2016-05-13
142,PiS,2015-11-12,2019-10-16
143,Kukiz15,2015-11-12,2019-07-31
143,UPR,2019-08-09,2019-10-16
144,PiS,2015-11-12,2019-05-16
145,Kukiz15,2015-11-12,2019-07-19
145,niez.,2019-07-31,2019-07-31
145,PiS,2019-08-09,2019-10-16
146,PiS,2015-11-12,2019-10-16
147,PiS,2015-11-12,2019-10-16
148,PO,2015-11-12,2018-12-05
148,PO-KO,2018-12-06,2019-10-16
149,PiS,2015-11-12,2019-10-16
150,PO,2015-11-12,2016-07-19
150,niez.,2016-07-21,2016-09-21
150,ED,2016-09-22,2016-12-13
150,UED,2016-12-14,2018-01-11
150,PSL,2018-01-25,2018-02-08
150,PSL-UED,2018-02-28,2019-07-04
150,PSL-KP,2019-07-17,2019-10-16
151,PO,2015-11-12,2018-12-05
151,PO-KO,2018-12-06,2019-10-16
152,PSL,2015-11-12,2018-02-08
152,PSL-UED,2018-02-28,2019-07-04
152,PSL-KP,2019-07-17,2019-10-16
153,PiS,2015-11-12,2019-05-16
154,PO,2015-11-12,2018-12-05
154,PO-KO,2018-12-06,2019-10-16
155,PO,2015-11-12,2018-12-05
155,PO-KO,2018-12-06,2019-10-16
156,PiS,2015-11-12,2019-10-16
157,PiS,2015-11-12,2015-11-13
157,niez.,2015-11-16,2019-10-16
158,PiS,2015-11-12,2019-05-16
159,PO,2015-11-12,2018-12-05
159,PO-KO,2018-12-06,2019-10-16
160,PSL,2015-11-12,2018-02-08
160,PSL-UED,2018-02-28,2019-07-04
160,PSL-KP,2019-07-17,2019-10-16
161,PiS,2015-11-12,2015-11-25
162,Kukiz15,2015-11-12,2019-10-16
163,Kukiz15,2015-11-12,2015-12-21
163,niez.,2015-12-22,2015-12-22
163,N,2015-12-29,2018-12-05
163,PO-KO,2018-12-06,2019-10-16
164,PO,2015-11-12,2018-12-05
164,PO-KO,2018-12-06,2019-10-16
165,PO,2015-11-12,2018-12-05
165,PO-KO,2018-12-06,2019-10-16
166,PiS,2015-11-12,2019-10-16
167,PiS,2015-11-12,2019-10-16
168,PO,2015-11-12,2018-12-05
168,PO-KO,2018-12-06,2019-10-16
169,PO,2015-11-12,2018-12-05
169,PO-KO,2018-12-06,2019-05-16
170,PiS,2015-11-12,2019-05-16
171,PO,2015-11-12,2018-12-05
171,PO-KO,2018-12-06,2019-10-16
172,PO,2015-11-12,2018-12-05
172,PO-KO,2018-12-06,2019-10-16
173,PO,2015-11-12,2018-12-05
173,PO-KO,2018-12-06,2019-10-16
174,PSL,2015-11-12,2018-02-08
174,PSL-UED,2018-02-28,2019-07-04
174,PSL-KP,2019-07-17,2019-10-16
175,PiS,2015-11-12,2019-10-16
176,PO,2015-11-12,2018-12-05
176,PO-KO,2018-12-06,2019-10-16
177,PiS,2015-11-12,2019-10-16
178,PSL,2015-11-12,2018-02-08
178,PSL-UED,2018-02-28,2019-07-04
178,PSL-KP,2019-07-17,2019-10-16
179,PiS,2015-11-12,2019-10-16
180,PiS,2015-11-12,2019-10-16
181,PiS,2015-11-12,2019-10-16
182,Kukiz15,2015-11-12,2019-07-31
182,UPR,2019-08-09,2019-10-16
183,PiS,2015-11-12,2016-06-23
184,PiS,2015-11-12,2019-10-16
185,PiS,2015-11-12,2019-10-16
186,PiS,2015-11-12,2019-10-16
187,PO,2015-11-12,2018-12-05
187,PO-KO,2018-12-06,2019-10-16
188,PiS,2015-11-12,2019-10-16
189,PO,2015-11-12,2018-12-05
189,PO-KO,2018-12-06,2019-10-16
190,PiS,2015-11-12,2019-05-16
191,PiS,2015-11-12,2019-10-16
192,PiS,2015-11-12,2019-10-16
193,PiS,2015-11-12,2019-10-16
194,PO,2015-11-12,2018-12-05
194,PO-KO,2018-12-06,2019-10-16
195,PO,2015-11-12,2018-12-05
195,PO-KO,2018-12-06,2019-10-16
196,PiS,2015-11-12,2019-10-16
197,PiS,2015-11-12,2019-10-16
198,PO,2015-11-12,2018-12-05
198,PO-KO,2018-12-06,2019-10-16
199,PiS,2015-11-12,2019-10-16
200,Kukiz15,2015-11-12,2019-10-16
201,Kukiz15,2015-11-12,2018-10-23
201,niez.,2018-11-07,2018-11-21
201,W-S,2018-11-22,2019-03-15
201,Konfederacja,2019-04-03,2019-10-16
203,PiS,2015-11-12,2019-10-16
204,PiS,2015-11-12,2019-10-16
205,PiS,2015-11-12,2019-10-16
206,PO,2015-11-12,2018-12-05
206,PO-KO,2018-12-06,2019-10-16
207,PO,2015-11-12,2018-12-05
207,PO-KO,2018-12-06,2019-10-16
208,PiS,2015-11-12,2019-10-16
209,PiS,2015-11-12,2019-10-16
210,PO,2015-11-12,2018-12-05
210,PO-KO,2018-12-06,2019-10-16
211,PO,2015-11-12,2018-12-05
211,PO-KO,2018-12-06,2019-10-16
212,PO,2015-11-12,2018-12-05
212,PO-KO,2018-12-06,2019-10-16
213,PiS,2015-11-12,2019-10-16
214,PiS,2015-11-12,2019-10-16
215,N,2015-11-12,2019-06-12
215,niez.,2019-06-13,2019-06-13
215,PO-KO,2019-07-03,2019-10-16
216,PiS,2015-11-12,2019-10-16
217,PiS,2015-11-12,2019-10-16
218,Kukiz15,2015-11-12,2017-06-20
218,niez.,2017-06-22,2018-11-21
218,W-S,2018-11-22,2019-03-15
218,Konfederacja,2019-04-03,2019-07-31
218,PP,2019-08-09,2019-10-16
219,PiS,2015-11-12,2019-10-16
220,N,2015-11-12,2019-06-12
220,niez.,2019-06-13,2019-07-04
220,PSL-KP,2019-07-17,2019-10-16
221,N,2015-11-12,2019-06-12
221,niez.,2019-06-13,2019-06-13
221,PO-KO,2019-07-03,2019-10-16
222,PiS,2015-11-12,2017-05-10
223,PiS,2015-11-12,2019-10-16
224,PSL,2015-11-12,2018-02-08
224,PSL-UED,2018-02-28,2019-07-04
224,PSL-KP,2019-07-17,2019-10-16
225,PiS,2015-11-12,2019-10-16
226,Kukiz15,2015-11-12,2019-07-31
226,niez.,2019-08-09,2019-10-16
227,PiS,2015-11-12,2019-10-16
228,PiS,2015-11-12,2019-10-16
229,PiS,2015-11-12,2019-10-16
230,PSL,2015-11-12,2018-02-08
230,PSL-UED,2018-02-28,2019-07-04
230,PSL-KP,2019-07-17,2019-10-16
231,PO,2015-11-12,2018-12-05
231,PO-KO,2018-12-06,2019-10-16
232,PiS,2015-11-12,2019-10-16
233,PiS,2015-11-12,2019-10-16
234,PO,2015-11-12,2018-12-05
234,PO-KO,2018-12-06,2019-10-16
235,PiS,2015-11-12,2019-10-16
236,Kukiz15,2015-11-12,2019-10-16
237,PiS,2015-11-12,2019-10-16
238,PiS,2015-11-12,2019-10-16
239,PiS,2015-11-12,2019-10-16
240,PiS,2015-11-12,2019-10-16
241,PiS,2015-11-12,2019-10-16
242,PiS,2015-11-12,2019-10-16
243,PiS,2015-11-12,2019-05-16
244,N,2015-11-12,2019-06-12
244,niez.,2019-06-13,2019-06-13
244,PO-KO,2019-07-03,2019-10-16
245,PO,2015-11-12,2018-12-05
245,PO-KO,2018-12-06,2019-10-16
246,PiS,2015-11-12,2019-10-16
247,PiS,2015-11-12,2019-10-16
248,PiS,2015-11-12,2019-10-16
249,N,2015-11-12,2019-06-12
249,niez.,2019-06-13,2019-06-13
249,PO-KO,2019-07-03,2019-10-16
250,PiS,2015-11-12,2019-10-16
251,PiS,2015-11-12,2019-10-16
252,PO,2015-11-12,2018-12-05
252,PO-KO,2018-12-06,2019-10-16
253,N,2015-11-12,2018-12-05
253,PO-KO,2018-12-06,2019-10-16
254,PO,2015-11-12,2018-12-05
254,PO-KO,2018-12-06,2019-10-16
255,Kukiz15,2015-11-12,2016-04-14
255,niez.,2016-04-27,2016-05-13
255,WiS,2016-05-19,2019-09-11
256,Kukiz15,2015-11-12,2019-10-16
257,PiS,2015-11-12,2019-10-16
258,PiS,2015-11-12,2019-10-16
259,PSL,2015-11-12,2017-07-19
259,niez.,2017-07-20,2017-12-08
259,PiS,2017-12-12,2019-05-16
260,PO,2015-11-12,2018-12-05
260,PO-KO,2018-12-06,2019-10-16
261,PiS,2015-11-12,2019-10-16
262,PO,2015-11-12,2018-12-05
262,PO-KO,2018-12-06,2019-10-16
263,PO,2015-11-12,2018-12-05
263,PO-KO,2018-12-06,2019-10-16
264,PiS,2015-11-12,2019-10-16
265,PO,2015-11-12,2018-12-05
265,PO-KO,2018-12-06,2019-10-16
266,PiS,2015-11-12,2019-10-16
267,PO,2015-11-12,2018-12-05
267,PO-KO,2018-12-06,2019-10-16
268,PiS,2015-11-12,2019-10-16
269,PO,2015-11-12,2018-12-05
269,PO-KO,2018-12-06,2019-10-16
270,PO,2015-11-12,2018-12-05
270,PO-KO,2018-12-06,2019-10-16
271,PO,2015-11-12,2018-12-05
271,PO-KO,2018-12-06,2019-10-16
272,PO,2015-11-12,2018-12-05
272,PO-KO,2018-12-06,2019-10-16
273,PO,2015-11-12,2016-09-21
273,ED,2016-09-22,2016-12-13
273,UED,2016-12-14,2018-02-08
273,PSL-UED,2018-02-28,2019-07-04
273,PSL-KP,2019-07-17,2019-10-16
274,PO,2015-11-12,2018-12-05
274,PO-KO,2018-12-06,2019-10-16
275,PO,2015-11-12,2018-12-05
275,PO-KO,2018-12-06,2019-10-16
276,PO,2015-11-12,2018-12-05
276,PO-KO,2018-12-06,2019-10-16
277,PO,2015-11-12,2018-12-05
277,PO-KO,2018-12-06,2019-10-16
278,PO,2015-11-12,2018-12-05
278,PO-KO,2018-12-06,2019-10-16
279,PO,2015-11-12,2018-12-05
279,PO-KO,2018-12-06,2019-10-16
280,PO,2015-11-12,2018-12-05
280,PO-KO,2018-12-06,2019-10-16
281,PiS,2015-11-12,2019-10-16
282,PiS,2015-11-12,2019-10-16
283,PiS,2015-11-12,2019-10-16
284,PO,2015-11-12,2018-12-05
284,PO-KO,2018-12-06,2019-10-16
285,PiS,2015-11-12,2019-10-16
286,PiS,2015-11-12,2019-10-16
287,PiS,2015-11-12,2019-10-16
288,N,2015-11-12,2019-06-12
288,niez.,2019-06-13,2019-06-13
288,PO-KO,2019-07-03,2019-10-16
289,PO,2015-11-12,2018-12-05
289,PO-KO,2018-12-06,2019-10-16
290,Kukiz15,2015-11-12,2019-10-16
291,PSL,2015-11-12,2018-02-08
291,PSL-UED,2018-02-28,2019-07-04
291,PSL-KP,2019-07-17,2019-10-16
292,PSL,2015-11-12,2018-02-08
292,PSL-UED,2018-02-28,2019-07-04
292,PSL-KP,2019-07-17,2019-10-16
293,PiS,2015-11-12,2019-10-16
294,PiS,2015-11-12,2019-10-16
295,PO,2015-11-12,2018-12-05
295,PO-KO,2018-12-06,2019-10-16
296,N,2015-11-12,2018-05-10
296,niez.,2018-06-06,2018-06-15
296,L-S,2018-06-27,2018-11-09
296,TERAZ!,2018-11-21,2019-10-16
297,PO,2015-11-12,2018-12-05
297,PO-KO,2018-12-06,2019-10-16
298,PO,2015-11-12,2018-12-05
298,PO-KO,2018-12-06,2019-10-16
299,PO,2015-11-12,2018-12-05
299,PO-KO,2018-12-06,2019-10-16
300,PiS,2015-11-12,2018-05-10
300,niez.,2018-06-06,2019-10-16
301,PiS,2015-11-12,2019-10-16
302,PiS,2015-11-12,2019-10-16
303,PO,2015-11-12,2018-12-05
303,PO-KO,2018-12-06,2019-10-16
304,PO,2015-11-12,2018-12-05
304,PO-KO,2018-12-06,2019-10-16
305,PiS,2015-11-12,2019-10-16
306,PiS,2015-11-12,2019-10-16
307,PiS,2015-11-12,2019-10-16
308,PO,2015-11-12,2018-12-05
308,PO-KO,2018-12-06,2019-10-16
309,Kukiz15,2015-11-12,2017-12-07
309,WiS,2017-12-08,2019-09-11
309,niez.,2019-10-16,2019-10-16
310,PiS,2015-11-12,2019-10-16
311,PO,2015-11-12,2018-12-05
311,PO-KO,2018-12-06,2019-10-16
312,PO,2015-11-12,2016-07-19
312,niez.,2016-07-21,2016-09-21
312,ED,2016-09-22,2016-12-13
312,UED,2016-12-14,2018-02-08
312,PSL-UED,2018-02-28,2018-12-12
312,N,2018-12-14,2019-06-12
312,PSL-UED,2019-06-13,2019-07-04
312,PSL-KP,2019-07-17,2019-10-16
313,PiS,2015-11-12,2015-12-02
314,PiS,2015-11-12,2019-10-16
315,N,2015-11-12,2019-06-12
315,niez.,2019-06-13,2019-06-13
315,PO-KO,2019-07-03,2019-10-16
316,PiS,2015-11-12,2019-10-16
317,PO,2015-11-12,2018-12-05
317,PO-KO,2018-12-06,2019-10-16
318,PiS,2015-11-12,2019-05-16
319,PO,2015-11-12,2018-12-05
319,PO-KO,2018-12-06,2019-10-16
320,PO,2015-11-12,2018-12-05
320,PO-KO,2018-12-06,2019-10-16
321,Kukiz15,2015-11-12,2019-10-16
322,N,2015-11-12,2019-06-12
322,niez.,2019-06-13,2019-06-13
322,PO-KO,2019-07-03,2019-10-16
323,PO,2015-11-12,2018-12-05
323,PO-KO,2018-12-06,2019-10-16
324,N,2015-11-12,2019-06-12
324,niez.,2019-06-13,2019-10-16
325,PiS,2015-11-12,2019-10-16
326,PO,2015-11-12,2018-12-05
326,PO-KO,2018-12-06,2019-10-16
327,PO,2015-11-12,2018-12-05
327,PO-KO,2018-12-06,2019-10-16
328,PO,2015-11-12,2018-12-05
328,PO-KO,2018-12-06,2019-10-16
329,PO,2015-11-12,2018-12-05
329,PO-KO,2018-12-06,2019-10-16
330,PiS,2015-11-12,2017-10-11
330,niez.,2017-10-12,2017-10-12
330,Kukiz15,2017-10-26,2019-10-16
331,PiS,2015-11-12,2019-05-16
332,Kukiz15,2015-11-12,2019-07-31
332,PiS,2019-08-09,2019-10-16
333,Kukiz15,2015-11-12,2019-10-16
334,Kukiz15,2015-11-12,2015-11-12
334,niez.,2015-11-13,2019-07-31
334,PP,2019-08-09,2019-10-16
335,PiS,2015-11-12,2019-10-16
336,PSL,2015-11-12,2018-02-08
336,PSL-UED,2018-02-28,2019-07-04
336,PSL-KP,2019-07-17,2019-10-16
337,PO,2015-11-12,2018-12-05
337,PO-KO,2018-12-06,2019-10-16
338,N,2015-11-12,2018-05-09
338,niez.,2018-05-10,2018-06-15
338,L-S,2018-06-27,2018-11-09
338,TERAZ!,2018-11-21,2019-10-16
339,N,2015-11-12,2018-05-09
339,niez.,2018-05-10,2018-06-15
339,L-S,2018-06-27,2018-11-09
339,TERAZ!,2018-11-21,2019-10-16
340,PiS,2015-11-12,2019-10-16
341,PiS,2015-11-12,2018-11-23
342,PiS,2015-11-12,2019-10-16
343,PiS,2015-11-12,2019-10-16
344,PiS,2015-11-12,2019-10-16
345,Kukiz15,2015-11-12,2017-02-22
345,niez.,2017-02-24,2017-02-24
345,Republikanie,2017-03-09,2017-09-15
345,PiS,2017-09-27,2019-10-16
346,PO,2015-11-12,2018-12-05
346,PO-KO,2018-12-06,2019-10-16
347,PO,2015-11-12,2018-12-05
347,PO-KO,2018-12-06,2019-10-16
348,Kukiz15,2015-11-12,2019-06-12
348,niez.,2019-06-13,2019-07-31
348,PiS,2019-08-09,2019-10-16
349,PO,2015-11-12,2018-12-05
349,PO-KO,2018-12-06,2019-10-16
350,PiS,2015-11-12,2019-10-16
351,Kukiz15,2015-11-12,2019-07-31
351,niez.,2019-08-09,2019-08-09
351,Konfederacja,2019-08-30,2019-10-16
352,PiS,2015-11-12,2019-10-16
353,PiS,2015-11-12,2019-10-16
354,PiS,2015-11-12,2019-10-16
355,PiS,2015-11-12,2019-10-16
356,PiS,2015-11-12,2019-10-16
357,PO,2015-11-12,2018-11-21
358,PSL,2015-11-12,2018-02-08
358,PSL-UED,2018-02-28,2019-07-04
358,PSL-KP,2019-07-17,2019-10-16
359,PiS,2015-11-12,2019-10-16
360,PO,2015-11-12,2016-11-16
360,N,2016-11-29,2018-12-05
360,PO-KO,2018-12-06,2019-10-16
361,PiS,2015-11-12,2019-10-16
362,PiS,2015-11-12,2019-10-16
363,PiS,2015-11-12,2018-11-21
364,N,2015-11-12,2017-04-07
364,PO,2017-04-21,2018-12-05
364,PO-KO,2018-12-06,2019-10-16
365,PiS,2015-11-12,2018-11-21
366,N,2015-11-12,2018-12-05
366,PO-KO,2018-12-06,2019-10-16
367,N,2015-11-12,2019-06-12
367,niez.,2019-06-13,2019-06-13
367,PO-KO,2019-07-03,2019-10-16
368,PiS,2015-11-12,2019-10-16
369,PO,2015-11-12,2018-12-05
369,PO-KO,2018-12-06,2019-10-16
370,PiS,2015-11-12,2019-10-16
371,PiS,2015-11-12,2019-10-16
372,PO,2015-11-12,2018-12-05
372,PO-KO,2018-12-06,2019-10-16
373,PiS,2015-11-12,2019-10-16
374,PiS,2015-11-12,2018-12-06
375,PiS,2015-11-12,2019-10-16
376,PiS,2015-11-12,2019-10-16
377,PiS,2015-11-12,2018-10-23
378,PiS,2015-11-12,2019-10-16
379,N,2015-11-12,2019-06-12
379,niez.,2019-06-13,2019-06-13
379,PO-KO,2019-07-03,2019-10-16
380,Kukiz15,2015-11-12,2019-10-16
381,PiS,2015-11-12,2019-10-16
382,PO,2015-11-12,2018-12-05
382,PO-KO,2018-12-06,2019-10-16
383,PiS,2015-11-12,2019-10-16
384,PiS,2015-11-12,2019-10-16
385,PiS,2015-11-12,2019-05-16
386,PO,2015-11-12,2018-12-05
386,PO-KO,2018-12-06,2019-10-16
387,PiS,2015-11-12,2019-10-16
388,PO,2015-11-12,2018-12-05
388,PO-KO,2018-12-06,2019-10-16
389,PiS,2015-11-12,2019-10-16
390,PiS,2015-11-12,2019-09-11
391,Kukiz15,2015-11-12,2019-10-16
392,PO,2015-11-12,2018-12-05
392,PO-KO,2018-12-06,2019-10-16
393,PiS,2015-11-12,2019-10-16
394,PiS,2015-11-12,2019-10-16
395,PO,2015-11-12,2018-12-05
395,PO-KO,2018-12-06,2019-10-16
396,PiS,2015-11-12,2019-10-16
397,PiS,2015-11-12,2019-10-16
398,PiS,2015-11-12,2019-10-16
399,PiS,2015-11-12,2019-10-16
400,PiS,2015-11-12,2019-05-16
401,PSL,2015-11-12,2018-02-08
401,PSL-UED,2018-02-28,2019-07-04
401,PSL-KP,2019-07-17,2019-10-16
402,PiS,2015-11-12,2019-10-16
403,PO,2015-11-12,2018-12-05
403,PO-KO,2018-12-06,2019-07-04
403,PSL-KP,2019-07-17,2019-10-16
404,PO,2015-11-12,2018-12-05
404,PO-KO,2018-12-06,2019-10-16
405,PO,2015-11-12,2015-11-25
406,N,2015-11-12,2018-12-05
406,PO-KO,2018-12-06,2019-10-16
407,PO,2015-11-12,2018-10-23
408,PiS,2015-11-12,2019-10-16
409,Kukiz15,2015-11-12,2019-10-16
410,PO,2015-11-12,2018-12-05
410,PO-KO,2018-12-06,2019-10-16
411,PO,2015-11-12,2018-12-05
411,PO-KO,2018-12-06,2019-10-16
412,PiS,2015-11-12,2019-10-16
413,PiS,2015-11-12,2019-10-16
414,PiS,2015-11-12,2019-10-16
415,PiS,2015-11-12,2019-10-16
416,PiS,2015-11-12,2019-10-16
417,PO,2015-11-12,2018-12-05
417,PO-KO,2018-12-06,2019-10-16
418,PiS,2015-11-12,2019-10-16
419,PiS,2015-11-12,2019-05-16
420,PiS,2015-11-12,2019-10-16
421,PiS,2015-11-12,2019-10-16
422,PO,2015-11-12,2018-12-05
422,PO-KO,2018-12-06,2019-10-16
423,PO,2015-11-12,2018-12-05
423,PO-KO,2018-12-06,2019-10-16
424,Kukiz15,2015-11-12,2018-02-08
424,niez.,2018-02-28,2018-11-21
424,W-S,2018-11-22,2019-03-15
424,Konfederacja,2019-04-03,2019-10-16
425,PiS,2015-11-12,2019-10-16
426,PO,2015-11-12,2018-10-23
427,Kukiz15,2015-11-12,2016-04-27
427,niez.,2016-04-29,2019-03-15
427,Konfederacja,2019-04-03,2019-10-16
428,PO,2015-11-12,2018-12-05
428,PO-KO,2018-12-06,2019-10-16
429,PiS,2015-11-12,2019-10-16
430,PiS,2015-11-12,2018-10-23
431,PiS,2015-11-12,2019-10-16
432,PiS,2015-11-12,2019-10-16
433,PiS,2015-11-12,2019-10-16
434,PO,2015-11-12,2018-12-05
434,PO-KO,2018-12-06,2019-10-16
435,PiS,2015-11-12,2019-10-16
436,Kukiz15,2015-11-12,2016-12-16
437,N,2015-11-12,2018-12-05
437,PO-KO,2018-12-06,2019-10-16
438,PiS,2015-11-12,2019-10-16
439,PiS,2015-11-12,2019-10-16
440,PiS,2015-11-12,2019-10-16
441,PiS,2015-11-12,2019-10-16
442,PiS,2015-11-12,2019-05-16
443,PiS,2015-11-12,2019-10-16
444,PiS,2015-11-12,2019-10-16
445,PiS,2015-11-12,2019-10-16
446,PiS,2015-11-12,2019-10-16
447,N,2015-11-12,2019-06-12
447,niez.,2019-06-13,2019-06-13
447,PO-KO,2019-07-03,2019-10-16
448,PO,2015-11-12,2018-12-05
448,PO-KO,2018-12-06,2019-10-16
449,PSL,2015-11-12,2018-02-08
449,PSL-UED,2018-02-28,2019-07-04
449,PSL-KP,2019-07-17,2019-10-16
450,PiS,2015-11-12,2019-10-16
451,PO,2015-11-12,2018-12-05
451,PO-KO,2018-12-06,2019-10-16
452,PiS,2015-11-12,2019-10-16
453,PO,2015-11-12,2018-12-05
453,PO-KO,2018-12-06,2019-10-16
454,PiS,2015-11-12,2019-10-16
455,PiS,2015-11-12,2019-10-16
456,Kukiz15,2015-11-12,2016-04-14
456,niez.,2016-04-27,2016-05-13
456,WiS,2016-05-19,2019-09-11
456,PiS,2019-10-16,2019-10-16
457,Kukiz15,2015-11-12,2016-05-13
457,WiS,2016-05-19,2018-12-05
457,PiS,2018-12-06,2019-10-16
458,PiS,2015-11-12,2019-10-16
459,PO,2015-11-12,2018-12-05
459,PO-KO,2018-12-06,2019-10-16
460,PiS,2015-11-12,2016-03-18
461,PiS,2015-11-12,2019-10-16
462,PiS,2015-12-09,2019-10-16
463,PiS,2015-12-09,2019-10-16
464,PO,2015-12-09,2018-12-05
464,PO-KO,2018-12-06,2019-10-16
465,PiS,2015-12-09,2019-10-16
466,PiS,2015-12-22,2019-10-16
467,PiS,2016-03-31,2018-10-23
468,PiS,2016-04-13,2019-10-16
469,PiS,2016-06-08,2019-10-16
470,PiS,2016-07-19,2019-10-16
471,niez.,2017-02-10,2017-02-24
471,Republikanie,2017-03-09,2017-09-15
471,PiS,2017-09-27,2019-10-16
472,PiS,2017-05-24,2019-10-16
473,PiS,2018-07-03,2019-10-16
474,PiS,2018-07-18,2019-10-16
475,PiS,2018-11-21,2019-10-16
476,PiS,2018-11-21,2019-10-16
477,PiS,2018-11-21,2019-10-16
478,niez.,2018-11-21,2019-05-15
478,Konfederacja,2019-05-16,2019-08-30
478,niez.,2019-09-11,2019-10-16
479,PO,2018-11-21,2018-12-05
479,PO-KO,2018-12-06,2019-10-16
480,PO,2018-11-21,2018-12-05
480,PO-KO,2018-12-06,2019-10-16
481,PO,2018-12-05,2018-12-05
481,PO-KO,2018-12-06,2019-10-16
482,PO,2018-12-05,2018-12-05
482,PO-KO,2018-12-06,2019-10-16
483,PiS,2018-12-05,2019-10-16
484,PiS,2018-12-05,2019-10-16
485,PiS,2018-12-05,2019-10-16
486,PiS,2018-12-28,2019-10-16
487,PiS,2019-06-12,2019-10-16
488,PiS,2019-06-12,2019-10-16
489,PiS,2019-06-12,2019-10-16
490,PiS,2019-06-12,2019-10-16
491,PiS,2019-06-12,2019-10-16
492,PO-KO,2019-06-12,2019-10-16
493,niez.,2019-06-12,2019-06-12
493,PSL-UED,2019-06-13,2019-07-04
493,PSL-KP,2019-07-17,2019-10-16
494,PiS,2019-06-12,2019-10-16
495,PiS,2019-06-12,2019-10-16
496,PiS,2019-06-12,2019-10-16
497,PiS,2019-06-12,2019-10-16
498,PiS,2019-06-12,2019-10-16
499,PiS,2019-06-12,2019-10-16
500,PSL-UED,2019-06-12,2019-07-04
500,PSL-KP,2019-07-17,2019-10-16
501,PiS,2019-06-12,2019-10-16
502,PiS,2019-06-12,2019-10-16
503,PiS,2019-06-13,2019-10-16
504,PO-KO,2019-07-03,2019-10-16
505,niez.,2019-10-16,2019-10-16
